Idx,Wedge_rk,Wedge coords,Line_rk,Line basis,Klein_rk,Klein coords
0,1," 0, 1, 0, 0, 0, 0",81," 1, 0, 0, 0, 0, 0, 1, 0",2," 0, 0, 1, 0, 0, 0"
1,2," 0, 0, 1, 0, 0, 0",90," 1, 0, 0, 0, 0, 0, 0, 1",100," 0, 0, 0, 0, 1, 0"
2,3," 0, 0, 0, 1, 0, 0",7371," 0, 1, 0, 0, 0, 0, 1, 0",901," 0, 0, 0, 0, 0, 1"
3,4," 0, 0, 0, 0, 1, 0",7380," 0, 1, 0, 0, 0, 0, 0, 1",19," 0, 0, 0, 1, 0, 0"
4,7," 1, 1, 0, 0, 0, 0",1," 1, 0, 0, 0, 0, 1, 1, 0",3," 1, 0, 1, 0, 0, 0"
5,8," 2, 1, 0, 0, 0, 0",2," 1, 0, 0, 0, 0, 1, 2, 0",4," 2, 0, 1, 0, 0, 0"
6,9," 3, 1, 0, 0, 0, 0",4," 1, 0, 0, 0, 0, 1, 4, 0",5," 3, 0, 1, 0, 0, 0"
7,10," 4, 1, 0, 0, 0, 0",3," 1, 0, 0, 0, 0, 1, 3, 0",6," 4, 0, 1, 0, 0, 0"
8,11," 5, 1, 0, 0, 0, 0",7," 1, 0, 0, 0, 0, 1, 7, 0",7," 5, 0, 1, 0, 0, 0"
9,12," 6, 1, 0, 0, 0, 0",8," 1, 0, 0, 0, 0, 1, 8, 0",8," 6, 0, 1, 0, 0, 0"
10,13," 7, 1, 0, 0, 0, 0",5," 1, 0, 0, 0, 0, 1, 5, 0",9," 7, 0, 1, 0, 0, 0"
11,14," 8, 1, 0, 0, 0, 0",6," 1, 0, 0, 0, 0, 1, 6, 0",10," 8, 0, 1, 0, 0, 0"
12,15," 1, 0, 1, 0, 0, 0",9," 1, 0, 0, 0, 0, 1, 0, 1",101," 1, 0, 0, 0, 1, 0"
13,16," 2, 0, 1, 0, 0, 0",18," 1, 0, 0, 0, 0, 1, 0, 2",102," 2, 0, 0, 0, 1, 0"
14,17," 3, 0, 1, 0, 0, 0",36," 1, 0, 0, 0, 0, 1, 0, 4",103," 3, 0, 0, 0, 1, 0"
15,18," 4, 0, 1, 0, 0, 0",27," 1, 0, 0, 0, 0, 1, 0, 3",104," 4, 0, 0, 0, 1, 0"
16,19," 5, 0, 1, 0, 0, 0",63," 1, 0, 0, 0, 0, 1, 0, 7",105," 5, 0, 0, 0, 1, 0"
17,20," 6, 0, 1, 0, 0, 0",72," 1, 0, 0, 0, 0, 1, 0, 8",106," 6, 0, 0, 0, 1, 0"
18,21," 7, 0, 1, 0, 0, 0",45," 1, 0, 0, 0, 0, 1, 0, 5",107," 7, 0, 0, 0, 1, 0"
19,22," 8, 0, 1, 0, 0, 0",54," 1, 0, 0, 0, 0, 1, 0, 6",108," 8, 0, 0, 0, 1, 0"
20,23," 0, 1, 1, 0, 0, 0",82," 1, 0, 0, 0, 0, 0, 1, 1",117," 0, 0, 1, 0, 1, 0"
21,24," 1, 1, 1, 0, 0, 0",10," 1, 0, 0, 0, 0, 1, 1, 1",118," 1, 0, 1, 0, 1, 0"
22,25," 2, 1, 1, 0, 0, 0",20," 1, 0, 0, 0, 0, 1, 2, 2",119," 2, 0, 1, 0, 1, 0"
23,26," 3, 1, 1, 0, 0, 0",40," 1, 0, 0, 0, 0, 1, 4, 4",120," 3, 0, 1, 0, 1, 0"
24,27," 4, 1, 1, 0, 0, 0",30," 1, 0, 0, 0, 0, 1, 3, 3",121," 4, 0, 1, 0, 1, 0"
25,28," 5, 1, 1, 0, 0, 0",70," 1, 0, 0, 0, 0, 1, 7, 7",122," 5, 0, 1, 0, 1, 0"
26,29," 6, 1, 1, 0, 0, 0",80," 1, 0, 0, 0, 0, 1, 8, 8",123," 6, 0, 1, 0, 1, 0"
27,30," 7, 1, 1, 0, 0, 0",50," 1, 0, 0, 0, 0, 1, 5, 5",124," 7, 0, 1, 0, 1, 0"
28,31," 8, 1, 1, 0, 0, 0",60," 1, 0, 0, 0, 0, 1, 6, 6",125," 8, 0, 1, 0, 1, 0"
29,32," 0, 2, 1, 0, 0, 0",83," 1, 0, 0, 0, 0, 0, 1, 2",134," 0, 0, 2, 0, 1, 0"
30,33," 1, 2, 1, 0, 0, 0",11," 1, 0, 0, 0, 0, 1, 2, 1",135," 1, 0, 2, 0, 1, 0"
31,34," 2, 2, 1, 0, 0, 0",19," 1, 0, 0, 0, 0, 1, 1, 2",136," 2, 0, 2, 0, 1, 0"
32,35," 3, 2, 1, 0, 0, 0",44," 1, 0, 0, 0, 0, 1, 8, 4",137," 3, 0, 2, 0, 1, 0"
33,36," 4, 2, 1, 0, 0, 0",33," 1, 0, 0, 0, 0, 1, 6, 3",138," 4, 0, 2, 0, 1, 0"
34,37," 5, 2, 1, 0, 0, 0",68," 1, 0, 0, 0, 0, 1, 5, 7",139," 5, 0, 2, 0, 1, 0"
35,38," 6, 2, 1, 0, 0, 0",76," 1, 0, 0, 0, 0, 1, 4, 8",140," 6, 0, 2, 0, 1, 0"
36,39," 7, 2, 1, 0, 0, 0",52," 1, 0, 0, 0, 0, 1, 7, 5",141," 7, 0, 2, 0, 1, 0"
37,40," 8, 2, 1, 0, 0, 0",57," 1, 0, 0, 0, 0, 1, 3, 6",142," 8, 0, 2, 0, 1, 0"
38,41," 0, 3, 1, 0, 0, 0",85," 1, 0, 0, 0, 0, 0, 1, 4",151," 0, 0, 3, 0, 1, 0"
39,42," 1, 3, 1, 0, 0, 0",12," 1, 0, 0, 0, 0, 1, 3, 1",152," 1, 0, 3, 0, 1, 0"
40,43," 2, 3, 1, 0, 0, 0",24," 1, 0, 0, 0, 0, 1, 6, 2",153," 2, 0, 3, 0, 1, 0"
41,44," 3, 3, 1, 0, 0, 0",37," 1, 0, 0, 0, 0, 1, 1, 4",154," 3, 0, 3, 0, 1, 0"
42,45," 4, 3, 1, 0, 0, 0",34," 1, 0, 0, 0, 0, 1, 7, 3",155," 4, 0, 3, 0, 1, 0"
43,46," 5, 3, 1, 0, 0, 0",71," 1, 0, 0, 0, 0, 1, 8, 7",156," 5, 0, 3, 0, 1, 0"
44,47," 6, 3, 1, 0, 0, 0",74," 1, 0, 0, 0, 0, 1, 2, 8",157," 6, 0, 3, 0, 1, 0"
45,48," 7, 3, 1, 0, 0, 0",49," 1, 0, 0, 0, 0, 1, 4, 5",158," 7, 0, 3, 0, 1, 0"
46,49," 8, 3, 1, 0, 0, 0",59," 1, 0, 0, 0, 0, 1, 5, 6",159," 8, 0, 3, 0, 1, 0"
47,50," 0, 4, 1, 0, 0, 0",84," 1, 0, 0, 0, 0, 0, 1, 3",168," 0, 0, 4, 0, 1, 0"
48,51," 1, 4, 1, 0, 0, 0",13," 1, 0, 0, 0, 0, 1, 4, 1",169," 1, 0, 4, 0, 1, 0"
49,52," 2, 4, 1, 0, 0, 0",26," 1, 0, 0, 0, 0, 1, 8, 2",170," 2, 0, 4, 0, 1, 0"
50,53," 3, 4, 1, 0, 0, 0",41," 1, 0, 0, 0, 0, 1, 5, 4",171," 3, 0, 4, 0, 1, 0"
51,54," 4, 4, 1, 0, 0, 0",28," 1, 0, 0, 0, 0, 1, 1, 3",172," 4, 0, 4, 0, 1, 0"
52,55," 5, 4, 1, 0, 0, 0",66," 1, 0, 0, 0, 0, 1, 3, 7",173," 5, 0, 4, 0, 1, 0"
53,56," 6, 4, 1, 0, 0, 0",79," 1, 0, 0, 0, 0, 1, 7, 8",174," 6, 0, 4, 0, 1, 0"
54,57," 7, 4, 1, 0, 0, 0",51," 1, 0, 0, 0, 0, 1, 6, 5",175," 7, 0, 4, 0, 1, 0"
55,58," 8, 4, 1, 0, 0, 0",56," 1, 0, 0, 0, 0, 1, 2, 6",176," 8, 0, 4, 0, 1, 0"
56,59," 0, 5, 1, 0, 0, 0",88," 1, 0, 0, 0, 0, 0, 1, 7",185," 0, 0, 5, 0, 1, 0"
57,60," 1, 5, 1, 0, 0, 0",14," 1, 0, 0, 0, 0, 1, 5, 1",186," 1, 0, 5, 0, 1, 0"
58,61," 2, 5, 1, 0, 0, 0",25," 1, 0, 0, 0, 0, 1, 7, 2",187," 2, 0, 5, 0, 1, 0"
59,62," 3, 5, 1, 0, 0, 0",42," 1, 0, 0, 0, 0, 1, 6, 4",188," 3, 0, 5, 0, 1, 0"
60,63," 4, 5, 1, 0, 0, 0",31," 1, 0, 0, 0, 0, 1, 4, 3",189," 4, 0, 5, 0, 1, 0"
61,64," 5, 5, 1, 0, 0, 0",64," 1, 0, 0, 0, 0, 1, 1, 7",190," 5, 0, 5, 0, 1, 0"
62,65," 6, 5, 1, 0, 0, 0",75," 1, 0, 0, 0, 0, 1, 3, 8",191," 6, 0, 5, 0, 1, 0"
63,66," 7, 5, 1, 0, 0, 0",47," 1, 0, 0, 0, 0, 1, 2, 5",192," 7, 0, 5, 0, 1, 0"
64,67," 8, 5, 1, 0, 0, 0",62," 1, 0, 0, 0, 0, 1, 8, 6",193," 8, 0, 5, 0, 1, 0"
65,68," 0, 6, 1, 0, 0, 0",89," 1, 0, 0, 0, 0, 0, 1, 8",202," 0, 0, 6, 0, 1, 0"
66,69," 1, 6, 1, 0, 0, 0",15," 1, 0, 0, 0, 0, 1, 6, 1",203," 1, 0, 6, 0, 1, 0"
67,70," 2, 6, 1, 0, 0, 0",21," 1, 0, 0, 0, 0, 1, 3, 2",204," 2, 0, 6, 0, 1, 0"
68,71," 3, 6, 1, 0, 0, 0",38," 1, 0, 0, 0, 0, 1, 2, 4",205," 3, 0, 6, 0, 1, 0"
69,72," 4, 6, 1, 0, 0, 0",32," 1, 0, 0, 0, 0, 1, 5, 3",206," 4, 0, 6, 0, 1, 0"
70,73," 5, 6, 1, 0, 0, 0",67," 1, 0, 0, 0, 0, 1, 4, 7",207," 5, 0, 6, 0, 1, 0"
71,74," 6, 6, 1, 0, 0, 0",73," 1, 0, 0, 0, 0, 1, 1, 8",208," 6, 0, 6, 0, 1, 0"
72,75," 7, 6, 1, 0, 0, 0",53," 1, 0, 0, 0, 0, 1, 8, 5",209," 7, 0, 6, 0, 1, 0"
73,76," 8, 6, 1, 0, 0, 0",61," 1, 0, 0, 0, 0, 1, 7, 6",210," 8, 0, 6, 0, 1, 0"
74,77," 0, 7, 1, 0, 0, 0",86," 1, 0, 0, 0, 0, 0, 1, 5",219," 0, 0, 7, 0, 1, 0"
75,78," 1, 7, 1, 0, 0, 0",16," 1, 0, 0, 0, 0, 1, 7, 1",220," 1, 0, 7, 0, 1, 0"
76,79," 2, 7, 1, 0, 0, 0",23," 1, 0, 0, 0, 0, 1, 5, 2",221," 2, 0, 7, 0, 1, 0"
77,80," 3, 7, 1, 0, 0, 0",39," 1, 0, 0, 0, 0, 1, 3, 4",222," 3, 0, 7, 0, 1, 0"
78,81," 4, 7, 1, 0, 0, 0",35," 1, 0, 0, 0, 0, 1, 8, 3",223," 4, 0, 7, 0, 1, 0"
79,82," 5, 7, 1, 0, 0, 0",65," 1, 0, 0, 0, 0, 1, 2, 7",224," 5, 0, 7, 0, 1, 0"
80,83," 6, 7, 1, 0, 0, 0",78," 1, 0, 0, 0, 0, 1, 6, 8",225," 6, 0, 7, 0, 1, 0"
81,84," 7, 7, 1, 0, 0, 0",46," 1, 0, 0, 0, 0, 1, 1, 5",226," 7, 0, 7, 0, 1, 0"
82,85," 8, 7, 1, 0, 0, 0",58," 1, 0, 0, 0, 0, 1, 4, 6",227," 8, 0, 7, 0, 1, 0"
83,86," 0, 8, 1, 0, 0, 0",87," 1, 0, 0, 0, 0, 0, 1, 6",236," 0, 0, 8, 0, 1, 0"
84,87," 1, 8, 1, 0, 0, 0",17," 1, 0, 0, 0, 0, 1, 8, 1",237," 1, 0, 8, 0, 1, 0"
85,88," 2, 8, 1, 0, 0, 0",22," 1, 0, 0, 0, 0, 1, 4, 2",238," 2, 0, 8, 0, 1, 0"
86,89," 3, 8, 1, 0, 0, 0",43," 1, 0, 0, 0, 0, 1, 7, 4",239," 3, 0, 8, 0, 1, 0"
87,90," 4, 8, 1, 0, 0, 0",29," 1, 0, 0, 0, 0, 1, 2, 3",240," 4, 0, 8, 0, 1, 0"
88,91," 5, 8, 1, 0, 0, 0",69," 1, 0, 0, 0, 0, 1, 6, 7",241," 5, 0, 8, 0, 1, 0"
89,92," 6, 8, 1, 0, 0, 0",77," 1, 0, 0, 0, 0, 1, 5, 8",242," 6, 0, 8, 0, 1, 0"
90,93," 7, 8, 1, 0, 0, 0",48," 1, 0, 0, 0, 0, 1, 3, 5",243," 7, 0, 8, 0, 1, 0"
91,94," 8, 8, 1, 0, 0, 0",55," 1, 0, 0, 0, 0, 1, 1, 6",244," 8, 0, 8, 0, 1, 0"
92,95," 1, 0, 0, 1, 0, 0",182," 1, 0, 2, 0, 0, 1, 0, 0",902," 1, 0, 0, 0, 0, 1"
93,96," 2, 0, 0, 1, 0, 0",91," 1, 0, 1, 0, 0, 1, 0, 0",903," 2, 0, 0, 0, 0, 1"
94,97," 3, 0, 0, 1, 0, 0",728," 1, 0, 8, 0, 0, 1, 0, 0",904," 3, 0, 0, 0, 0, 1"
95,98," 4, 0, 0, 1, 0, 0",546," 1, 0, 6, 0, 0, 1, 0, 0",905," 4, 0, 0, 0, 0, 1"
96,99," 5, 0, 0, 1, 0, 0",455," 1, 0, 5, 0, 0, 1, 0, 0",906," 5, 0, 0, 0, 0, 1"
97,100," 6, 0, 0, 1, 0, 0",364," 1, 0, 4, 0, 0, 1, 0, 0",907," 6, 0, 0, 0, 0, 1"
98,101," 7, 0, 0, 1, 0, 0",637," 1, 0, 7, 0, 0, 1, 0, 0",908," 7, 0, 0, 0, 0, 1"
99,102," 8, 0, 0, 1, 0, 0",273," 1, 0, 3, 0, 0, 1, 0, 0",909," 8, 0, 0, 0, 0, 1"
100,103," 0, 1, 0, 1, 0, 0",172," 1, 1, 0, 0, 0, 0, 1, 0",918," 0, 0, 1, 0, 0, 1"
101,104," 1, 1, 0, 1, 0, 0",183," 1, 0, 2, 0, 0, 1, 1, 0",919," 1, 0, 1, 0, 0, 1"
102,105," 2, 1, 0, 1, 0, 0",93," 1, 0, 1, 0, 0, 1, 2, 0",920," 2, 0, 1, 0, 0, 1"
103,106," 3, 1, 0, 1, 0, 0",732," 1, 0, 8, 0, 0, 1, 4, 0",921," 3, 0, 1, 0, 0, 1"
104,107," 4, 1, 0, 1, 0, 0",549," 1, 0, 6, 0, 0, 1, 3, 0",922," 4, 0, 1, 0, 0, 1"
105,108," 5, 1, 0, 1, 0, 0",462," 1, 0, 5, 0, 0, 1, 7, 0",923," 5, 0, 1, 0, 0, 1"
106,109," 6, 1, 0, 1, 0, 0",372," 1, 0, 4, 0, 0, 1, 8, 0",924," 6, 0, 1, 0, 0, 1"
107,110," 7, 1, 0, 1, 0, 0",642," 1, 0, 7, 0, 0, 1, 5, 0",925," 7, 0, 1, 0, 0, 1"
108,111," 8, 1, 0, 1, 0, 0",279," 1, 0, 3, 0, 0, 1, 6, 0",926," 8, 0, 1, 0, 0, 1"
109,112," 0, 2, 0, 1, 0, 0",263," 1, 2, 0, 0, 0, 0, 1, 0",935," 0, 0, 2, 0, 0, 1"
110,113," 1, 2, 0, 1, 0, 0",184," 1, 0, 2, 0, 0, 1, 2, 0",936," 1, 0, 2, 0, 0, 1"
111,114," 2, 2, 0, 1, 0, 0",92," 1, 0, 1, 0, 0, 1, 1, 0",937," 2, 0, 2, 0, 0, 1"
112,115," 3, 2, 0, 1, 0, 0",736," 1, 0, 8, 0, 0, 1, 8, 0",938," 3, 0, 2, 0, 0, 1"
113,116," 4, 2, 0, 1, 0, 0",552," 1, 0, 6, 0, 0, 1, 6, 0",939," 4, 0, 2, 0, 0, 1"
114,117," 5, 2, 0, 1, 0, 0",460," 1, 0, 5, 0, 0, 1, 5, 0",940," 5, 0, 2, 0, 0, 1"
115,118," 6, 2, 0, 1, 0, 0",368," 1, 0, 4, 0, 0, 1, 4, 0",941," 6, 0, 2, 0, 0, 1"
116,119," 7, 2, 0, 1, 0, 0",644," 1, 0, 7, 0, 0, 1, 7, 0",942," 7, 0, 2, 0, 0, 1"
117,120," 8, 2, 0, 1, 0, 0",276," 1, 0, 3, 0, 0, 1, 3, 0",943," 8, 0, 2, 0, 0, 1"
118,121," 0, 3, 0, 1, 0, 0",445," 1, 4, 0, 0, 0, 0, 1, 0",952," 0, 0, 3, 0, 0, 1"
119,122," 1, 3, 0, 1, 0, 0",185," 1, 0, 2, 0, 0, 1, 3, 0",953," 1, 0, 3, 0, 0, 1"
120,123," 2, 3, 0, 1, 0, 0",97," 1, 0, 1, 0, 0, 1, 6, 0",954," 2, 0, 3, 0, 0, 1"
121,124," 3, 3, 0, 1, 0, 0",729," 1, 0, 8, 0, 0, 1, 1, 0",955," 3, 0, 3, 0, 0, 1"
122,125," 4, 3, 0, 1, 0, 0",553," 1, 0, 6, 0, 0, 1, 7, 0",956," 4, 0, 3, 0, 0, 1"
123,126," 5, 3, 0, 1, 0, 0",463," 1, 0, 5, 0, 0, 1, 8, 0",957," 5, 0, 3, 0, 0, 1"
124,127," 6, 3, 0, 1, 0, 0",366," 1, 0, 4, 0, 0, 1, 2, 0",958," 6, 0, 3, 0, 0, 1"
125,128," 7, 3, 0, 1, 0, 0",641," 1, 0, 7, 0, 0, 1, 4, 0",959," 7, 0, 3, 0, 0, 1"
126,129," 8, 3, 0, 1, 0, 0",278," 1, 0, 3, 0, 0, 1, 5, 0",960," 8, 0, 3, 0, 0, 1"
127,130," 0, 4, 0, 1, 0, 0",354," 1, 3, 0, 0, 0, 0, 1, 0",969," 0, 0, 4, 0, 0, 1"
128,131," 1, 4, 0, 1, 0, 0",186," 1, 0, 2, 0, 0, 1, 4, 0",970," 1, 0, 4, 0, 0, 1"
129,132," 2, 4, 0, 1, 0, 0",99," 1, 0, 1, 0, 0, 1, 8, 0",971," 2, 0, 4, 0, 0, 1"
130,133," 3, 4, 0, 1, 0, 0",733," 1, 0, 8, 0, 0, 1, 5, 0",972," 3, 0, 4, 0, 0, 1"
131,134," 4, 4, 0, 1, 0, 0",547," 1, 0, 6, 0, 0, 1, 1, 0",973," 4, 0, 4, 0, 0, 1"
132,135," 5, 4, 0, 1, 0, 0",458," 1, 0, 5, 0, 0, 1, 3, 0",974," 5, 0, 4, 0, 0, 1"
133,136," 6, 4, 0, 1, 0, 0",371," 1, 0, 4, 0, 0, 1, 7, 0",975," 6, 0, 4, 0, 0, 1"
134,137," 7, 4, 0, 1, 0, 0",643," 1, 0, 7, 0, 0, 1, 6, 0",976," 7, 0, 4, 0, 0, 1"
135,138," 8, 4, 0, 1, 0, 0",275," 1, 0, 3, 0, 0, 1, 2, 0",977," 8, 0, 4, 0, 0, 1"
136,139," 0, 5, 0, 1, 0, 0",718," 1, 7, 0, 0, 0, 0, 1, 0",986," 0, 0, 5, 0, 0, 1"
137,140," 1, 5, 0, 1, 0, 0",187," 1, 0, 2, 0, 0, 1, 5, 0",987," 1, 0, 5, 0, 0, 1"
138,141," 2, 5, 0, 1, 0, 0",98," 1, 0, 1, 0, 0, 1, 7, 0",988," 2, 0, 5, 0, 0, 1"
139,142," 3, 5, 0, 1, 0, 0",734," 1, 0, 8, 0, 0, 1, 6, 0",989," 3, 0, 5, 0, 0, 1"
140,143," 4, 5, 0, 1, 0, 0",550," 1, 0, 6, 0, 0, 1, 4, 0",990," 4, 0, 5, 0, 0, 1"
141,144," 5, 5, 0, 1, 0, 0",456," 1, 0, 5, 0, 0, 1, 1, 0",991," 5, 0, 5, 0, 0, 1"
142,145," 6, 5, 0, 1, 0, 0",367," 1, 0, 4, 0, 0, 1, 3, 0",992," 6, 0, 5, 0, 0, 1"
143,146," 7, 5, 0, 1, 0, 0",639," 1, 0, 7, 0, 0, 1, 2, 0",993," 7, 0, 5, 0, 0, 1"
144,147," 8, 5, 0, 1, 0, 0",281," 1, 0, 3, 0, 0, 1, 8, 0",994," 8, 0, 5, 0, 0, 1"
145,148," 0, 6, 0, 1, 0, 0",809," 1, 8, 0, 0, 0, 0, 1, 0",1003," 0, 0, 6, 0, 0, 1"
146,149," 1, 6, 0, 1, 0, 0",188," 1, 0, 2, 0, 0, 1, 6, 0",1004," 1, 0, 6, 0, 0, 1"
147,150," 2, 6, 0, 1, 0, 0",94," 1, 0, 1, 0, 0, 1, 3, 0",1005," 2, 0, 6, 0, 0, 1"
148,151," 3, 6, 0, 1, 0, 0",730," 1, 0, 8, 0, 0, 1, 2, 0",1006," 3, 0, 6, 0, 0, 1"
149,152," 4, 6, 0, 1, 0, 0",551," 1, 0, 6, 0, 0, 1, 5, 0",1007," 4, 0, 6, 0, 0, 1"
150,153," 5, 6, 0, 1, 0, 0",459," 1, 0, 5, 0, 0, 1, 4, 0",1008," 5, 0, 6, 0, 0, 1"
151,154," 6, 6, 0, 1, 0, 0",365," 1, 0, 4, 0, 0, 1, 1, 0",1009," 6, 0, 6, 0, 0, 1"
152,155," 7, 6, 0, 1, 0, 0",645," 1, 0, 7, 0, 0, 1, 8, 0",1010," 7, 0, 6, 0, 0, 1"
153,156," 8, 6, 0, 1, 0, 0",280," 1, 0, 3, 0, 0, 1, 7, 0",1011," 8, 0, 6, 0, 0, 1"
154,157," 0, 7, 0, 1, 0, 0",536," 1, 5, 0, 0, 0, 0, 1, 0",1020," 0, 0, 7, 0, 0, 1"
155,158," 1, 7, 0, 1, 0, 0",189," 1, 0, 2, 0, 0, 1, 7, 0",1021," 1, 0, 7, 0, 0, 1"
156,159," 2, 7, 0, 1, 0, 0",96," 1, 0, 1, 0, 0, 1, 5, 0",1022," 2, 0, 7, 0, 0, 1"
157,160," 3, 7, 0, 1, 0, 0",731," 1, 0, 8, 0, 0, 1, 3, 0",1023," 3, 0, 7, 0, 0, 1"
158,161," 4, 7, 0, 1, 0, 0",554," 1, 0, 6, 0, 0, 1, 8, 0",1024," 4, 0, 7, 0, 0, 1"
159,162," 5, 7, 0, 1, 0, 0",457," 1, 0, 5, 0, 0, 1, 2, 0",1025," 5, 0, 7, 0, 0, 1"
160,163," 6, 7, 0, 1, 0, 0",370," 1, 0, 4, 0, 0, 1, 6, 0",1026," 6, 0, 7, 0, 0, 1"
161,164," 7, 7, 0, 1, 0, 0",638," 1, 0, 7, 0, 0, 1, 1, 0",1027," 7, 0, 7, 0, 0, 1"
162,165," 8, 7, 0, 1, 0, 0",277," 1, 0, 3, 0, 0, 1, 4, 0",1028," 8, 0, 7, 0, 0, 1"
163,166," 0, 8, 0, 1, 0, 0",627," 1, 6, 0, 0, 0, 0, 1, 0",1037," 0, 0, 8, 0, 0, 1"
164,167," 1, 8, 0, 1, 0, 0",190," 1, 0, 2, 0, 0, 1, 8, 0",1038," 1, 0, 8, 0, 0, 1"
165,168," 2, 8, 0, 1, 0, 0",95," 1, 0, 1, 0, 0, 1, 4, 0",1039," 2, 0, 8, 0, 0, 1"
166,169," 3, 8, 0, 1, 0, 0",735," 1, 0, 8, 0, 0, 1, 7, 0",1040," 3, 0, 8, 0, 0, 1"
167,170," 4, 8, 0, 1, 0, 0",548," 1, 0, 6, 0, 0, 1, 2, 0",1041," 4, 0, 8, 0, 0, 1"
168,171," 5, 8, 0, 1, 0, 0",461," 1, 0, 5, 0, 0, 1, 6, 0",1042," 5, 0, 8, 0, 0, 1"
169,172," 6, 8, 0, 1, 0, 0",369," 1, 0, 4, 0, 0, 1, 5, 0",1043," 6, 0, 8, 0, 0, 1"
170,173," 7, 8, 0, 1, 0, 0",640," 1, 0, 7, 0, 0, 1, 3, 0",1044," 7, 0, 8, 0, 0, 1"
171,174," 8, 8, 0, 1, 0, 0",274," 1, 0, 3, 0, 0, 1, 1, 0",1045," 8, 0, 8, 0, 0, 1"
172,823," 1, 0, 0, 0, 1, 0",1638," 1, 0, 0, 2, 0, 1, 0, 0",21," 2, 0, 0, 1, 0, 0"
173,824," 2, 0, 0, 0, 1, 0",819," 1, 0, 0, 1, 0, 1, 0, 0",20," 1, 0, 0, 1, 0, 0"
174,825," 3, 0, 0, 0, 1, 0",6552," 1, 0, 0, 8, 0, 1, 0, 0",25," 6, 0, 0, 1, 0, 0"
175,826," 4, 0, 0, 0, 1, 0",4914," 1, 0, 0, 6, 0, 1, 0, 0",27," 8, 0, 0, 1, 0, 0"
176,827," 5, 0, 0, 0, 1, 0",4095," 1, 0, 0, 5, 0, 1, 0, 0",26," 7, 0, 0, 1, 0, 0"
177,828," 6, 0, 0, 0, 1, 0",3276," 1, 0, 0, 4, 0, 1, 0, 0",22," 3, 0, 0, 1, 0, 0"
178,829," 7, 0, 0, 0, 1, 0",5733," 1, 0, 0, 7, 0, 1, 0, 0",24," 5, 0, 0, 1, 0, 0"
179,830," 8, 0, 0, 0, 1, 0",2457," 1, 0, 0, 3, 0, 1, 0, 0",23," 4, 0, 0, 1, 0, 0"
180,903," 0, 0, 1, 0, 1, 0",181," 1, 1, 0, 0, 0, 0, 0, 1",270," 0, 0, 0, 2, 1, 0"
181,904," 1, 0, 1, 0, 1, 0",1647," 1, 0, 0, 2, 0, 1, 0, 1",271," 1, 0, 0, 2, 1, 0"
182,905," 2, 0, 1, 0, 1, 0",837," 1, 0, 0, 1, 0, 1, 0, 2",272," 2, 0, 0, 2, 1, 0"
183,906," 3, 0, 1, 0, 1, 0",6588," 1, 0, 0, 8, 0, 1, 0, 4",273," 3, 0, 0, 2, 1, 0"
184,907," 4, 0, 1, 0, 1, 0",4941," 1, 0, 0, 6, 0, 1, 0, 3",274," 4, 0, 0, 2, 1, 0"
185,908," 5, 0, 1, 0, 1, 0",4158," 1, 0, 0, 5, 0, 1, 0, 7",275," 5, 0, 0, 2, 1, 0"
186,909," 6, 0, 1, 0, 1, 0",3348," 1, 0, 0, 4, 0, 1, 0, 8",276," 6, 0, 0, 2, 1, 0"
187,910," 7, 0, 1, 0, 1, 0",5778," 1, 0, 0, 7, 0, 1, 0, 5",277," 7, 0, 0, 2, 1, 0"
188,911," 8, 0, 1, 0, 1, 0",2511," 1, 0, 0, 3, 0, 1, 0, 6",278," 8, 0, 0, 2, 1, 0"
189,984," 0, 0, 2, 0, 1, 0",272," 1, 2, 0, 0, 0, 0, 0, 1",253," 0, 0, 0, 1, 1, 0"
190,985," 1, 0, 2, 0, 1, 0",1656," 1, 0, 0, 2, 0, 1, 0, 2",255," 2, 0, 0, 1, 1, 0"
191,986," 2, 0, 2, 0, 1, 0",828," 1, 0, 0, 1, 0, 1, 0, 1",254," 1, 0, 0, 1, 1, 0"
192,987," 3, 0, 2, 0, 1, 0",6624," 1, 0, 0, 8, 0, 1, 0, 8",259," 6, 0, 0, 1, 1, 0"
193,988," 4, 0, 2, 0, 1, 0",4968," 1, 0, 0, 6, 0, 1, 0, 6",261," 8, 0, 0, 1, 1, 0"
194,989," 5, 0, 2, 0, 1, 0",4140," 1, 0, 0, 5, 0, 1, 0, 5",260," 7, 0, 0, 1, 1, 0"
195,990," 6, 0, 2, 0, 1, 0",3312," 1, 0, 0, 4, 0, 1, 0, 4",256," 3, 0, 0, 1, 1, 0"
196,991," 7, 0, 2, 0, 1, 0",5796," 1, 0, 0, 7, 0, 1, 0, 7",258," 5, 0, 0, 1, 1, 0"
197,992," 8, 0, 2, 0, 1, 0",2484," 1, 0, 0, 3, 0, 1, 0, 3",257," 4, 0, 0, 1, 1, 0"
198,1065," 0, 0, 3, 0, 1, 0",454," 1, 4, 0, 0, 0, 0, 0, 1",372," 0, 0, 0, 8, 1, 0"
199,1066," 1, 0, 3, 0, 1, 0",1665," 1, 0, 0, 2, 0, 1, 0, 3",376," 4, 0, 0, 8, 1, 0"
200,1067," 2, 0, 3, 0, 1, 0",873," 1, 0, 0, 1, 0, 1, 0, 6",380," 8, 0, 0, 8, 1, 0"
201,1068," 3, 0, 3, 0, 1, 0",6561," 1, 0, 0, 8, 0, 1, 0, 1",373," 1, 0, 0, 8, 1, 0"
202,1069," 4, 0, 3, 0, 1, 0",4977," 1, 0, 0, 6, 0, 1, 0, 7",377," 5, 0, 0, 8, 1, 0"
203,1070," 5, 0, 3, 0, 1, 0",4167," 1, 0, 0, 5, 0, 1, 0, 8",378," 6, 0, 0, 8, 1, 0"
204,1071," 6, 0, 3, 0, 1, 0",3294," 1, 0, 0, 4, 0, 1, 0, 2",374," 2, 0, 0, 8, 1, 0"
205,1072," 7, 0, 3, 0, 1, 0",5769," 1, 0, 0, 7, 0, 1, 0, 4",375," 3, 0, 0, 8, 1, 0"
206,1073," 8, 0, 3, 0, 1, 0",2502," 1, 0, 0, 3, 0, 1, 0, 5",379," 7, 0, 0, 8, 1, 0"
207,1146," 0, 0, 4, 0, 1, 0",363," 1, 3, 0, 0, 0, 0, 0, 1",338," 0, 0, 0, 6, 1, 0"
208,1147," 1, 0, 4, 0, 1, 0",1674," 1, 0, 0, 2, 0, 1, 0, 4",341," 3, 0, 0, 6, 1, 0"
209,1148," 2, 0, 4, 0, 1, 0",891," 1, 0, 0, 1, 0, 1, 0, 8",344," 6, 0, 0, 6, 1, 0"
210,1149," 3, 0, 4, 0, 1, 0",6597," 1, 0, 0, 8, 0, 1, 0, 5",345," 7, 0, 0, 6, 1, 0"
211,1150," 4, 0, 4, 0, 1, 0",4923," 1, 0, 0, 6, 0, 1, 0, 1",339," 1, 0, 0, 6, 1, 0"
212,1151," 5, 0, 4, 0, 1, 0",4122," 1, 0, 0, 5, 0, 1, 0, 3",342," 4, 0, 0, 6, 1, 0"
213,1152," 6, 0, 4, 0, 1, 0",3339," 1, 0, 0, 4, 0, 1, 0, 7",343," 5, 0, 0, 6, 1, 0"
214,1153," 7, 0, 4, 0, 1, 0",5787," 1, 0, 0, 7, 0, 1, 0, 6",346," 8, 0, 0, 6, 1, 0"
215,1154," 8, 0, 4, 0, 1, 0",2475," 1, 0, 0, 3, 0, 1, 0, 2",340," 2, 0, 0, 6, 1, 0"
216,1227," 0, 0, 5, 0, 1, 0",727," 1, 7, 0, 0, 0, 0, 0, 1",321," 0, 0, 0, 5, 1, 0"
217,1228," 1, 0, 5, 0, 1, 0",1683," 1, 0, 0, 2, 0, 1, 0, 5",328," 7, 0, 0, 5, 1, 0"
218,1229," 2, 0, 5, 0, 1, 0",882," 1, 0, 0, 1, 0, 1, 0, 7",326," 5, 0, 0, 5, 1, 0"
219,1230," 3, 0, 5, 0, 1, 0",6606," 1, 0, 0, 8, 0, 1, 0, 6",329," 8, 0, 0, 5, 1, 0"
220,1231," 4, 0, 5, 0, 1, 0",4950," 1, 0, 0, 6, 0, 1, 0, 4",324," 3, 0, 0, 5, 1, 0"
221,1232," 5, 0, 5, 0, 1, 0",4104," 1, 0, 0, 5, 0, 1, 0, 1",322," 1, 0, 0, 5, 1, 0"
222,1233," 6, 0, 5, 0, 1, 0",3303," 1, 0, 0, 4, 0, 1, 0, 3",325," 4, 0, 0, 5, 1, 0"
223,1234," 7, 0, 5, 0, 1, 0",5751," 1, 0, 0, 7, 0, 1, 0, 2",323," 2, 0, 0, 5, 1, 0"
224,1235," 8, 0, 5, 0, 1, 0",2529," 1, 0, 0, 3, 0, 1, 0, 8",327," 6, 0, 0, 5, 1, 0"
225,1308," 0, 0, 6, 0, 1, 0",818," 1, 8, 0, 0, 0, 0, 0, 1",304," 0, 0, 0, 4, 1, 0"
226,1309," 1, 0, 6, 0, 1, 0",1692," 1, 0, 0, 2, 0, 1, 0, 6",312," 8, 0, 0, 4, 1, 0"
227,1310," 2, 0, 6, 0, 1, 0",846," 1, 0, 0, 1, 0, 1, 0, 3",308," 4, 0, 0, 4, 1, 0"
228,1311," 3, 0, 6, 0, 1, 0",6570," 1, 0, 0, 8, 0, 1, 0, 2",306," 2, 0, 0, 4, 1, 0"
229,1312," 4, 0, 6, 0, 1, 0",4959," 1, 0, 0, 6, 0, 1, 0, 5",311," 7, 0, 0, 4, 1, 0"
230,1313," 5, 0, 6, 0, 1, 0",4131," 1, 0, 0, 5, 0, 1, 0, 4",307," 3, 0, 0, 4, 1, 0"
231,1314," 6, 0, 6, 0, 1, 0",3285," 1, 0, 0, 4, 0, 1, 0, 1",305," 1, 0, 0, 4, 1, 0"
232,1315," 7, 0, 6, 0, 1, 0",5805," 1, 0, 0, 7, 0, 1, 0, 8",310," 6, 0, 0, 4, 1, 0"
233,1316," 8, 0, 6, 0, 1, 0",2520," 1, 0, 0, 3, 0, 1, 0, 7",309," 5, 0, 0, 4, 1, 0"
234,1389," 0, 0, 7, 0, 1, 0",545," 1, 5, 0, 0, 0, 0, 0, 1",355," 0, 0, 0, 7, 1, 0"
235,1390," 1, 0, 7, 0, 1, 0",1701," 1, 0, 0, 2, 0, 1, 0, 7",360," 5, 0, 0, 7, 1, 0"
236,1391," 2, 0, 7, 0, 1, 0",864," 1, 0, 0, 1, 0, 1, 0, 5",362," 7, 0, 0, 7, 1, 0"
237,1392," 3, 0, 7, 0, 1, 0",6579," 1, 0, 0, 8, 0, 1, 0, 3",359," 4, 0, 0, 7, 1, 0"
238,1393," 4, 0, 7, 0, 1, 0",4986," 1, 0, 0, 6, 0, 1, 0, 8",361," 6, 0, 0, 7, 1, 0"
239,1394," 5, 0, 7, 0, 1, 0",4113," 1, 0, 0, 5, 0, 1, 0, 2",357," 2, 0, 0, 7, 1, 0"
240,1395," 6, 0, 7, 0, 1, 0",3330," 1, 0, 0, 4, 0, 1, 0, 6",363," 8, 0, 0, 7, 1, 0"
241,1396," 7, 0, 7, 0, 1, 0",5742," 1, 0, 0, 7, 0, 1, 0, 1",356," 1, 0, 0, 7, 1, 0"
242,1397," 8, 0, 7, 0, 1, 0",2493," 1, 0, 0, 3, 0, 1, 0, 4",358," 3, 0, 0, 7, 1, 0"
243,1470," 0, 0, 8, 0, 1, 0",636," 1, 6, 0, 0, 0, 0, 0, 1",287," 0, 0, 0, 3, 1, 0"
244,1471," 1, 0, 8, 0, 1, 0",1710," 1, 0, 0, 2, 0, 1, 0, 8",293," 6, 0, 0, 3, 1, 0"
245,1472," 2, 0, 8, 0, 1, 0",855," 1, 0, 0, 1, 0, 1, 0, 4",290," 3, 0, 0, 3, 1, 0"
246,1473," 3, 0, 8, 0, 1, 0",6615," 1, 0, 0, 8, 0, 1, 0, 7",292," 5, 0, 0, 3, 1, 0"
247,1474," 4, 0, 8, 0, 1, 0",4932," 1, 0, 0, 6, 0, 1, 0, 2",289," 2, 0, 0, 3, 1, 0"
248,1475," 5, 0, 8, 0, 1, 0",4149," 1, 0, 0, 5, 0, 1, 0, 6",295," 8, 0, 0, 3, 1, 0"
249,1476," 6, 0, 8, 0, 1, 0",3321," 1, 0, 0, 4, 0, 1, 0, 5",294," 7, 0, 0, 3, 1, 0"
250,1477," 7, 0, 8, 0, 1, 0",5760," 1, 0, 0, 7, 0, 1, 0, 3",291," 4, 0, 0, 3, 1, 0"
251,1478," 8, 0, 8, 0, 1, 0",2466," 1, 0, 0, 3, 0, 1, 0, 1",288," 1, 0, 0, 3, 1, 0"
252,1551," 0, 0, 0, 1, 1, 0",7372," 0, 1, 0, 0, 0, 0, 1, 1",1071," 0, 0, 0, 2, 0, 1"
253,1552," 1, 0, 0, 1, 1, 0",1820," 1, 0, 2, 2, 0, 1, 0, 0",1072," 1, 0, 0, 2, 0, 1"
254,1553," 2, 0, 0, 1, 1, 0",910," 1, 0, 1, 1, 0, 1, 0, 0",1073," 2, 0, 0, 2, 0, 1"
255,1554," 3, 0, 0, 1, 1, 0",7280," 1, 0, 8, 8, 0, 1, 0, 0",1074," 3, 0, 0, 2, 0, 1"
256,1555," 4, 0, 0, 1, 1, 0",5460," 1, 0, 6, 6, 0, 1, 0, 0",1075," 4, 0, 0, 2, 0, 1"
257,1556," 5, 0, 0, 1, 1, 0",4550," 1, 0, 5, 5, 0, 1, 0, 0",1076," 5, 0, 0, 2, 0, 1"
258,1557," 6, 0, 0, 1, 1, 0",3640," 1, 0, 4, 4, 0, 1, 0, 0",1077," 6, 0, 0, 2, 0, 1"
259,1558," 7, 0, 0, 1, 1, 0",6370," 1, 0, 7, 7, 0, 1, 0, 0",1078," 7, 0, 0, 2, 0, 1"
260,1559," 8, 0, 0, 1, 1, 0",2730," 1, 0, 3, 3, 0, 1, 0, 0",1079," 8, 0, 0, 2, 0, 1"
261,1641," 0, 1, 1, 1, 1, 0",173," 1, 1, 0, 0, 0, 0, 1, 1",1855," 0, 0, 1, 2, 1, 1"
262,1642," 1, 1, 1, 1, 1, 0",1830," 1, 0, 2, 2, 0, 1, 1, 1",1857," 1, 0, 1, 2, 1, 1"
263,1643," 2, 1, 1, 1, 1, 0",930," 1, 0, 1, 1, 0, 1, 2, 2",1856," 2, 0, 1, 2, 1, 1"
264,1644," 3, 1, 1, 1, 1, 0",7320," 1, 0, 8, 8, 0, 1, 4, 4",1861," 3, 0, 1, 2, 1, 1"
265,1645," 4, 1, 1, 1, 1, 0",5490," 1, 0, 6, 6, 0, 1, 3, 3",1863," 4, 0, 1, 2, 1, 1"
266,1646," 5, 1, 1, 1, 1, 0",4620," 1, 0, 5, 5, 0, 1, 7, 7",1862," 5, 0, 1, 2, 1, 1"
267,1647," 6, 1, 1, 1, 1, 0",3720," 1, 0, 4, 4, 0, 1, 8, 8",1858," 6, 0, 1, 2, 1, 1"
268,1648," 7, 1, 1, 1, 1, 0",6420," 1, 0, 7, 7, 0, 1, 5, 5",1860," 7, 0, 1, 2, 1, 1"
269,1649," 8, 1, 1, 1, 1, 0",2790," 1, 0, 3, 3, 0, 1, 6, 6",1859," 8, 0, 1, 2, 1, 1"
270,1731," 0, 2, 2, 1, 1, 0",264," 1, 2, 0, 0, 0, 0, 1, 1",2575," 0, 0, 2, 2, 2, 1"
271,1732," 1, 2, 2, 1, 1, 0",1840," 1, 0, 2, 2, 0, 1, 2, 2",2576," 1, 0, 2, 2, 2, 1"
272,1733," 2, 2, 2, 1, 1, 0",920," 1, 0, 1, 1, 0, 1, 1, 1",2577," 2, 0, 2, 2, 2, 1"
273,1734," 3, 2, 2, 1, 1, 0",7360," 1, 0, 8, 8, 0, 1, 8, 8",2578," 3, 0, 2, 2, 2, 1"
274,1735," 4, 2, 2, 1, 1, 0",5520," 1, 0, 6, 6, 0, 1, 6, 6",2579," 4, 0, 2, 2, 2, 1"
275,1736," 5, 2, 2, 1, 1, 0",4600," 1, 0, 5, 5, 0, 1, 5, 5",2580," 5, 0, 2, 2, 2, 1"
276,1737," 6, 2, 2, 1, 1, 0",3680," 1, 0, 4, 4, 0, 1, 4, 4",2581," 6, 0, 2, 2, 2, 1"
277,1738," 7, 2, 2, 1, 1, 0",6440," 1, 0, 7, 7, 0, 1, 7, 7",2582," 7, 0, 2, 2, 2, 1"
278,1739," 8, 2, 2, 1, 1, 0",2760," 1, 0, 3, 3, 0, 1, 3, 3",2583," 8, 0, 2, 2, 2, 1"
279,1821," 0, 3, 3, 1, 1, 0",446," 1, 4, 0, 0, 0, 0, 1, 1",3295," 0, 0, 3, 2, 3, 1"
280,1822," 1, 3, 3, 1, 1, 0",1850," 1, 0, 2, 2, 0, 1, 3, 3",3303," 1, 0, 3, 2, 3, 1"
281,1823," 2, 3, 3, 1, 1, 0",970," 1, 0, 1, 1, 0, 1, 6, 6",3299," 2, 0, 3, 2, 3, 1"
282,1824," 3, 3, 3, 1, 1, 0",7290," 1, 0, 8, 8, 0, 1, 1, 1",3297," 3, 0, 3, 2, 3, 1"
283,1825," 4, 3, 3, 1, 1, 0",5530," 1, 0, 6, 6, 0, 1, 7, 7",3302," 4, 0, 3, 2, 3, 1"
284,1826," 5, 3, 3, 1, 1, 0",4630," 1, 0, 5, 5, 0, 1, 8, 8",3298," 5, 0, 3, 2, 3, 1"
285,1827," 6, 3, 3, 1, 1, 0",3660," 1, 0, 4, 4, 0, 1, 2, 2",3296," 6, 0, 3, 2, 3, 1"
286,1828," 7, 3, 3, 1, 1, 0",6410," 1, 0, 7, 7, 0, 1, 4, 4",3301," 7, 0, 3, 2, 3, 1"
287,1829," 8, 3, 3, 1, 1, 0",2780," 1, 0, 3, 3, 0, 1, 5, 5",3300," 8, 0, 3, 2, 3, 1"
288,1911," 0, 4, 4, 1, 1, 0",355," 1, 3, 0, 0, 0, 0, 1, 1",4015," 0, 0, 4, 2, 4, 1"
289,1912," 1, 4, 4, 1, 1, 0",1860," 1, 0, 2, 2, 0, 1, 4, 4",4021," 1, 0, 4, 2, 4, 1"
290,1913," 2, 4, 4, 1, 1, 0",990," 1, 0, 1, 1, 0, 1, 8, 8",4018," 2, 0, 4, 2, 4, 1"
291,1914," 3, 4, 4, 1, 1, 0",7330," 1, 0, 8, 8, 0, 1, 5, 5",4020," 3, 0, 4, 2, 4, 1"
292,1915," 4, 4, 4, 1, 1, 0",5470," 1, 0, 6, 6, 0, 1, 1, 1",4017," 4, 0, 4, 2, 4, 1"
293,1916," 5, 4, 4, 1, 1, 0",4580," 1, 0, 5, 5, 0, 1, 3, 3",4023," 5, 0, 4, 2, 4, 1"
294,1917," 6, 4, 4, 1, 1, 0",3710," 1, 0, 4, 4, 0, 1, 7, 7",4022," 6, 0, 4, 2, 4, 1"
295,1918," 7, 4, 4, 1, 1, 0",6430," 1, 0, 7, 7, 0, 1, 6, 6",4019," 7, 0, 4, 2, 4, 1"
296,1919," 8, 4, 4, 1, 1, 0",2750," 1, 0, 3, 3, 0, 1, 2, 2",4016," 8, 0, 4, 2, 4, 1"
297,2001," 0, 5, 5, 1, 1, 0",719," 1, 7, 0, 0, 0, 0, 1, 1",4735," 0, 0, 5, 2, 5, 1"
298,2002," 1, 5, 5, 1, 1, 0",1870," 1, 0, 2, 2, 0, 1, 5, 5",4740," 1, 0, 5, 2, 5, 1"
299,2003," 2, 5, 5, 1, 1, 0",980," 1, 0, 1, 1, 0, 1, 7, 7",4742," 2, 0, 5, 2, 5, 1"
300,2004," 3, 5, 5, 1, 1, 0",7340," 1, 0, 8, 8, 0, 1, 6, 6",4739," 3, 0, 5, 2, 5, 1"
301,2005," 4, 5, 5, 1, 1, 0",5500," 1, 0, 6, 6, 0, 1, 4, 4",4741," 4, 0, 5, 2, 5, 1"
302,2006," 5, 5, 5, 1, 1, 0",4560," 1, 0, 5, 5, 0, 1, 1, 1",4737," 5, 0, 5, 2, 5, 1"
303,2007," 6, 5, 5, 1, 1, 0",3670," 1, 0, 4, 4, 0, 1, 3, 3",4743," 6, 0, 5, 2, 5, 1"
304,2008," 7, 5, 5, 1, 1, 0",6390," 1, 0, 7, 7, 0, 1, 2, 2",4736," 7, 0, 5, 2, 5, 1"
305,2009," 8, 5, 5, 1, 1, 0",2810," 1, 0, 3, 3, 0, 1, 8, 8",4738," 8, 0, 5, 2, 5, 1"
306,2091," 0, 6, 6, 1, 1, 0",810," 1, 8, 0, 0, 0, 0, 1, 1",5455," 0, 0, 6, 2, 6, 1"
307,2092," 1, 6, 6, 1, 1, 0",1880," 1, 0, 2, 2, 0, 1, 6, 6",5459," 1, 0, 6, 2, 6, 1"
308,2093," 2, 6, 6, 1, 1, 0",940," 1, 0, 1, 1, 0, 1, 3, 3",5463," 2, 0, 6, 2, 6, 1"
309,2094," 3, 6, 6, 1, 1, 0",7300," 1, 0, 8, 8, 0, 1, 2, 2",5456," 3, 0, 6, 2, 6, 1"
310,2095," 4, 6, 6, 1, 1, 0",5510," 1, 0, 6, 6, 0, 1, 5, 5",5460," 4, 0, 6, 2, 6, 1"
311,2096," 5, 6, 6, 1, 1, 0",4590," 1, 0, 5, 5, 0, 1, 4, 4",5461," 5, 0, 6, 2, 6, 1"
312,2097," 6, 6, 6, 1, 1, 0",3650," 1, 0, 4, 4, 0, 1, 1, 1",5457," 6, 0, 6, 2, 6, 1"
313,2098," 7, 6, 6, 1, 1, 0",6450," 1, 0, 7, 7, 0, 1, 8, 8",5458," 7, 0, 6, 2, 6, 1"
314,2099," 8, 6, 6, 1, 1, 0",2800," 1, 0, 3, 3, 0, 1, 7, 7",5462," 8, 0, 6, 2, 6, 1"
315,2181," 0, 7, 7, 1, 1, 0",537," 1, 5, 0, 0, 0, 0, 1, 1",6175," 0, 0, 7, 2, 7, 1"
316,2182," 1, 7, 7, 1, 1, 0",1890," 1, 0, 2, 2, 0, 1, 7, 7",6182," 1, 0, 7, 2, 7, 1"
317,2183," 2, 7, 7, 1, 1, 0",960," 1, 0, 1, 1, 0, 1, 5, 5",6180," 2, 0, 7, 2, 7, 1"
318,2184," 3, 7, 7, 1, 1, 0",7310," 1, 0, 8, 8, 0, 1, 3, 3",6183," 3, 0, 7, 2, 7, 1"
319,2185," 4, 7, 7, 1, 1, 0",5540," 1, 0, 6, 6, 0, 1, 8, 8",6178," 4, 0, 7, 2, 7, 1"
320,2186," 5, 7, 7, 1, 1, 0",4570," 1, 0, 5, 5, 0, 1, 2, 2",6176," 5, 0, 7, 2, 7, 1"
321,2187," 6, 7, 7, 1, 1, 0",3700," 1, 0, 4, 4, 0, 1, 6, 6",6179," 6, 0, 7, 2, 7, 1"
322,2188," 7, 7, 7, 1, 1, 0",6380," 1, 0, 7, 7, 0, 1, 1, 1",6177," 7, 0, 7, 2, 7, 1"
323,2189," 8, 7, 7, 1, 1, 0",2770," 1, 0, 3, 3, 0, 1, 4, 4",6181," 8, 0, 7, 2, 7, 1"
324,2271," 0, 8, 8, 1, 1, 0",628," 1, 6, 0, 0, 0, 0, 1, 1",6895," 0, 0, 8, 2, 8, 1"
325,2272," 1, 8, 8, 1, 1, 0",1900," 1, 0, 2, 2, 0, 1, 8, 8",6898," 1, 0, 8, 2, 8, 1"
326,2273," 2, 8, 8, 1, 1, 0",950," 1, 0, 1, 1, 0, 1, 4, 4",6901," 2, 0, 8, 2, 8, 1"
327,2274," 3, 8, 8, 1, 1, 0",7350," 1, 0, 8, 8, 0, 1, 7, 7",6902," 3, 0, 8, 2, 8, 1"
328,2275," 4, 8, 8, 1, 1, 0",5480," 1, 0, 6, 6, 0, 1, 2, 2",6896," 4, 0, 8, 2, 8, 1"
329,2276," 5, 8, 8, 1, 1, 0",4610," 1, 0, 5, 5, 0, 1, 6, 6",6899," 5, 0, 8, 2, 8, 1"
330,2277," 6, 8, 8, 1, 1, 0",3690," 1, 0, 4, 4, 0, 1, 5, 5",6900," 6, 0, 8, 2, 8, 1"
331,2278," 7, 8, 8, 1, 1, 0",6400," 1, 0, 7, 7, 0, 1, 3, 3",6903," 7, 0, 8, 2, 8, 1"
332,2279," 8, 8, 8, 1, 1, 0",2740," 1, 0, 3, 3, 0, 1, 1, 1",6897," 8, 0, 8, 2, 8, 1"
333,2280," 0, 0, 0, 2, 1, 0",7373," 0, 1, 0, 0, 0, 0, 1, 2",1054," 0, 0, 0, 1, 0, 1"
334,2281," 1, 0, 0, 2, 1, 0",1729," 1, 0, 1, 2, 0, 1, 0, 0",1056," 2, 0, 0, 1, 0, 1"
335,2282," 2, 0, 0, 2, 1, 0",1001," 1, 0, 2, 1, 0, 1, 0, 0",1055," 1, 0, 0, 1, 0, 1"
336,2283," 3, 0, 0, 2, 1, 0",6916," 1, 0, 4, 8, 0, 1, 0, 0",1060," 6, 0, 0, 1, 0, 1"
337,2284," 4, 0, 0, 2, 1, 0",5187," 1, 0, 3, 6, 0, 1, 0, 0",1062," 8, 0, 0, 1, 0, 1"
338,2285," 5, 0, 0, 2, 1, 0",4732," 1, 0, 7, 5, 0, 1, 0, 0",1061," 7, 0, 0, 1, 0, 1"
339,2286," 6, 0, 0, 2, 1, 0",4004," 1, 0, 8, 4, 0, 1, 0, 0",1057," 3, 0, 0, 1, 0, 1"
340,2287," 7, 0, 0, 2, 1, 0",6188," 1, 0, 5, 7, 0, 1, 0, 0",1059," 5, 0, 0, 1, 0, 1"
341,2288," 8, 0, 0, 2, 1, 0",3003," 1, 0, 6, 3, 0, 1, 0, 0",1058," 4, 0, 0, 1, 0, 1"
342,2379," 0, 2, 1, 2, 1, 0",174," 1, 1, 0, 0, 0, 0, 1, 2",2558," 0, 0, 1, 1, 2, 1"
343,2380," 1, 2, 1, 2, 1, 0",1740," 1, 0, 1, 2, 0, 1, 2, 1",2560," 2, 0, 1, 1, 2, 1"
344,2381," 2, 2, 1, 2, 1, 0",1020," 1, 0, 2, 1, 0, 1, 1, 2",2559," 1, 0, 1, 1, 2, 1"
345,2382," 3, 2, 1, 2, 1, 0",6960," 1, 0, 4, 8, 0, 1, 8, 4",2564," 6, 0, 1, 1, 2, 1"
346,2383," 4, 2, 1, 2, 1, 0",5220," 1, 0, 3, 6, 0, 1, 6, 3",2566," 8, 0, 1, 1, 2, 1"
347,2384," 5, 2, 1, 2, 1, 0",4800," 1, 0, 7, 5, 0, 1, 5, 7",2565," 7, 0, 1, 1, 2, 1"
348,2385," 6, 2, 1, 2, 1, 0",4080," 1, 0, 8, 4, 0, 1, 4, 8",2561," 3, 0, 1, 1, 2, 1"
349,2386," 7, 2, 1, 2, 1, 0",6240," 1, 0, 5, 7, 0, 1, 7, 5",2563," 5, 0, 1, 1, 2, 1"
350,2387," 8, 2, 1, 2, 1, 0",3060," 1, 0, 6, 3, 0, 1, 3, 6",2562," 4, 0, 1, 1, 2, 1"
351,2451," 0, 1, 2, 2, 1, 0",265," 1, 2, 0, 0, 0, 0, 1, 2",1838," 0, 0, 2, 1, 1, 1"
352,2452," 1, 1, 2, 2, 1, 0",1748," 1, 0, 1, 2, 0, 1, 1, 2",1839," 2, 0, 2, 1, 1, 1"
353,2453," 2, 1, 2, 2, 1, 0",1012," 1, 0, 2, 1, 0, 1, 2, 1",1840," 1, 0, 2, 1, 1, 1"
354,2454," 3, 1, 2, 2, 1, 0",6992," 1, 0, 4, 8, 0, 1, 4, 8",1841," 6, 0, 2, 1, 1, 1"
355,2455," 4, 1, 2, 2, 1, 0",5244," 1, 0, 3, 6, 0, 1, 3, 6",1842," 8, 0, 2, 1, 1, 1"
356,2456," 5, 1, 2, 2, 1, 0",4784," 1, 0, 7, 5, 0, 1, 7, 5",1843," 7, 0, 2, 1, 1, 1"
357,2457," 6, 1, 2, 2, 1, 0",4048," 1, 0, 8, 4, 0, 1, 8, 4",1844," 3, 0, 2, 1, 1, 1"
358,2458," 7, 1, 2, 2, 1, 0",6256," 1, 0, 5, 7, 0, 1, 5, 7",1845," 5, 0, 2, 1, 1, 1"
359,2459," 8, 1, 2, 2, 1, 0",3036," 1, 0, 6, 3, 0, 1, 6, 3",1846," 4, 0, 2, 1, 1, 1"
360,2577," 0, 6, 3, 2, 1, 0",447," 1, 4, 0, 0, 0, 0, 1, 2",5438," 0, 0, 3, 1, 6, 1"
361,2578," 1, 6, 3, 2, 1, 0",1762," 1, 0, 1, 2, 0, 1, 6, 3",5446," 2, 0, 3, 1, 6, 1"
362,2579," 2, 6, 3, 2, 1, 0",1058," 1, 0, 2, 1, 0, 1, 3, 6",5442," 1, 0, 3, 1, 6, 1"
363,2580," 3, 6, 3, 2, 1, 0",6927," 1, 0, 4, 8, 0, 1, 2, 1",5440," 6, 0, 3, 1, 6, 1"
364,2581," 4, 6, 3, 2, 1, 0",5255," 1, 0, 3, 6, 0, 1, 5, 7",5445," 8, 0, 3, 1, 6, 1"
365,2582," 5, 6, 3, 2, 1, 0",4808," 1, 0, 7, 5, 0, 1, 4, 8",5441," 7, 0, 3, 1, 6, 1"
366,2583," 6, 6, 3, 2, 1, 0",4023," 1, 0, 8, 4, 0, 1, 1, 2",5439," 3, 0, 3, 1, 6, 1"
367,2584," 7, 6, 3, 2, 1, 0",6232," 1, 0, 5, 7, 0, 1, 8, 4",5444," 5, 0, 3, 1, 6, 1"
368,2585," 8, 6, 3, 2, 1, 0",3055," 1, 0, 6, 3, 0, 1, 7, 5",5443," 4, 0, 3, 1, 6, 1"
369,2676," 0, 8, 4, 2, 1, 0",356," 1, 3, 0, 0, 0, 0, 1, 2",6878," 0, 0, 4, 1, 8, 1"
370,2677," 1, 8, 4, 2, 1, 0",1773," 1, 0, 1, 2, 0, 1, 8, 4",6884," 2, 0, 4, 1, 8, 1"
371,2678," 2, 8, 4, 2, 1, 0",1077," 1, 0, 2, 1, 0, 1, 4, 8",6881," 1, 0, 4, 1, 8, 1"
372,2679," 3, 8, 4, 2, 1, 0",6968," 1, 0, 4, 8, 0, 1, 7, 5",6883," 6, 0, 4, 1, 8, 1"
373,2680," 4, 8, 4, 2, 1, 0",5198," 1, 0, 3, 6, 0, 1, 2, 1",6880," 8, 0, 4, 1, 8, 1"
374,2681," 5, 8, 4, 2, 1, 0",4765," 1, 0, 7, 5, 0, 1, 6, 3",6886," 7, 0, 4, 1, 8, 1"
375,2682," 6, 8, 4, 2, 1, 0",4072," 1, 0, 8, 4, 0, 1, 5, 7",6885," 3, 0, 4, 1, 8, 1"
376,2683," 7, 8, 4, 2, 1, 0",6245," 1, 0, 5, 7, 0, 1, 3, 6",6882," 5, 0, 4, 1, 8, 1"
377,2684," 8, 8, 4, 2, 1, 0",3022," 1, 0, 6, 3, 0, 1, 1, 2",6879," 4, 0, 4, 1, 8, 1"
378,2748," 0, 7, 5, 2, 1, 0",720," 1, 7, 0, 0, 0, 0, 1, 2",6158," 0, 0, 5, 1, 7, 1"
379,2749," 1, 7, 5, 2, 1, 0",1781," 1, 0, 1, 2, 0, 1, 7, 5",6163," 2, 0, 5, 1, 7, 1"
380,2750," 2, 7, 5, 2, 1, 0",1069," 1, 0, 2, 1, 0, 1, 5, 7",6165," 1, 0, 5, 1, 7, 1"
381,2751," 3, 7, 5, 2, 1, 0",6973," 1, 0, 4, 8, 0, 1, 3, 6",6162," 6, 0, 5, 1, 7, 1"
382,2752," 4, 7, 5, 2, 1, 0",5231," 1, 0, 3, 6, 0, 1, 8, 4",6164," 8, 0, 5, 1, 7, 1"
383,2753," 5, 7, 5, 2, 1, 0",4743," 1, 0, 7, 5, 0, 1, 2, 1",6160," 7, 0, 5, 1, 7, 1"
384,2754," 6, 7, 5, 2, 1, 0",4037," 1, 0, 8, 4, 0, 1, 6, 3",6166," 3, 0, 5, 1, 7, 1"
385,2755," 7, 7, 5, 2, 1, 0",6207," 1, 0, 5, 7, 0, 1, 1, 2",6159," 5, 0, 5, 1, 7, 1"
386,2756," 8, 7, 5, 2, 1, 0",3079," 1, 0, 6, 3, 0, 1, 4, 8",6161," 4, 0, 5, 1, 7, 1"
387,2793," 0, 3, 6, 2, 1, 0",811," 1, 8, 0, 0, 0, 0, 1, 2",3278," 0, 0, 6, 1, 3, 1"
388,2794," 1, 3, 6, 2, 1, 0",1786," 1, 0, 1, 2, 0, 1, 3, 6",3282," 2, 0, 6, 1, 3, 1"
389,2795," 2, 3, 6, 2, 1, 0",1034," 1, 0, 2, 1, 0, 1, 6, 3",3286," 1, 0, 6, 1, 3, 1"
390,2796," 3, 3, 6, 2, 1, 0",6935," 1, 0, 4, 8, 0, 1, 1, 2",3279," 6, 0, 6, 1, 3, 1"
391,2797," 4, 3, 6, 2, 1, 0",5239," 1, 0, 3, 6, 0, 1, 7, 5",3283," 8, 0, 6, 1, 3, 1"
392,2798," 5, 3, 6, 2, 1, 0",4776," 1, 0, 7, 5, 0, 1, 8, 4",3284," 7, 0, 6, 1, 3, 1"
393,2799," 6, 3, 6, 2, 1, 0",4015," 1, 0, 8, 4, 0, 1, 2, 1",3280," 3, 0, 6, 1, 3, 1"
394,2800," 7, 3, 6, 2, 1, 0",6264," 1, 0, 5, 7, 0, 1, 4, 8",3281," 5, 0, 6, 1, 3, 1"
395,2801," 8, 3, 6, 2, 1, 0",3071," 1, 0, 6, 3, 0, 1, 5, 7",3285," 4, 0, 6, 1, 3, 1"
396,2892," 0, 5, 7, 2, 1, 0",538," 1, 5, 0, 0, 0, 0, 1, 2",4718," 0, 0, 7, 1, 5, 1"
397,2893," 1, 5, 7, 2, 1, 0",1797," 1, 0, 1, 2, 0, 1, 5, 7",4725," 2, 0, 7, 1, 5, 1"
398,2894," 2, 5, 7, 2, 1, 0",1053," 1, 0, 2, 1, 0, 1, 7, 5",4723," 1, 0, 7, 1, 5, 1"
399,2895," 3, 5, 7, 2, 1, 0",6949," 1, 0, 4, 8, 0, 1, 6, 3",4726," 6, 0, 7, 1, 5, 1"
400,2896," 4, 5, 7, 2, 1, 0",5263," 1, 0, 3, 6, 0, 1, 4, 8",4721," 8, 0, 7, 1, 5, 1"
401,2897," 5, 5, 7, 2, 1, 0",4751," 1, 0, 7, 5, 0, 1, 1, 2",4719," 7, 0, 7, 1, 5, 1"
402,2898," 6, 5, 7, 2, 1, 0",4061," 1, 0, 8, 4, 0, 1, 3, 6",4722," 3, 0, 7, 1, 5, 1"
403,2899," 7, 5, 7, 2, 1, 0",6199," 1, 0, 5, 7, 0, 1, 2, 1",4720," 5, 0, 7, 1, 5, 1"
404,2900," 8, 5, 7, 2, 1, 0",3047," 1, 0, 6, 3, 0, 1, 8, 4",4724," 4, 0, 7, 1, 5, 1"
405,2964," 0, 4, 8, 2, 1, 0",629," 1, 6, 0, 0, 0, 0, 1, 2",3998," 0, 0, 8, 1, 4, 1"
406,2965," 1, 4, 8, 2, 1, 0",1805," 1, 0, 1, 2, 0, 1, 4, 8",4001," 2, 0, 8, 1, 4, 1"
407,2966," 2, 4, 8, 2, 1, 0",1045," 1, 0, 2, 1, 0, 1, 8, 4",4004," 1, 0, 8, 1, 4, 1"
408,2967," 3, 4, 8, 2, 1, 0",6984," 1, 0, 4, 8, 0, 1, 5, 7",4005," 6, 0, 8, 1, 4, 1"
409,2968," 4, 4, 8, 2, 1, 0",5206," 1, 0, 3, 6, 0, 1, 1, 2",3999," 8, 0, 8, 1, 4, 1"
410,2969," 5, 4, 8, 2, 1, 0",4789," 1, 0, 7, 5, 0, 1, 3, 6",4002," 7, 0, 8, 1, 4, 1"
411,2970," 6, 4, 8, 2, 1, 0",4056," 1, 0, 8, 4, 0, 1, 7, 5",4003," 3, 0, 8, 1, 4, 1"
412,2971," 7, 4, 8, 2, 1, 0",6221," 1, 0, 5, 7, 0, 1, 6, 3",4006," 5, 0, 8, 1, 4, 1"
413,2972," 8, 4, 8, 2, 1, 0",3014," 1, 0, 6, 3, 0, 1, 2, 1",4000," 4, 0, 8, 1, 4, 1"
414,3009," 0, 0, 0, 3, 1, 0",7375," 0, 1, 0, 0, 0, 0, 1, 4",1173," 0, 0, 0, 8, 0, 1"
415,3010," 1, 0, 0, 3, 1, 0",2184," 1, 0, 6, 2, 0, 1, 0, 0",1177," 4, 0, 0, 8, 0, 1"
416,3011," 2, 0, 0, 3, 1, 0",1092," 1, 0, 3, 1, 0, 1, 0, 0",1181," 8, 0, 0, 8, 0, 1"
417,3012," 3, 0, 0, 3, 1, 0",6734," 1, 0, 2, 8, 0, 1, 0, 0",1174," 1, 0, 0, 8, 0, 1"
418,3013," 4, 0, 0, 3, 1, 0",5369," 1, 0, 5, 6, 0, 1, 0, 0",1178," 5, 0, 0, 8, 0, 1"
419,3014," 5, 0, 0, 3, 1, 0",4459," 1, 0, 4, 5, 0, 1, 0, 0",1179," 6, 0, 0, 8, 0, 1"
420,3015," 6, 0, 0, 3, 1, 0",3367," 1, 0, 1, 4, 0, 1, 0, 0",1175," 2, 0, 0, 8, 0, 1"
421,3016," 7, 0, 0, 3, 1, 0",6461," 1, 0, 8, 7, 0, 1, 0, 0",1176," 3, 0, 0, 8, 0, 1"
422,3017," 8, 0, 0, 3, 1, 0",3094," 1, 0, 7, 3, 0, 1, 0, 0",1180," 7, 0, 0, 8, 0, 1"
423,3117," 0, 3, 1, 3, 1, 0",176," 1, 1, 0, 0, 0, 0, 1, 4",4083," 0, 0, 1, 8, 4, 1"
424,3118," 1, 3, 1, 3, 1, 0",2196," 1, 0, 6, 2, 0, 1, 3, 1",4085," 4, 0, 1, 8, 4, 1"
425,3119," 2, 3, 1, 3, 1, 0",1116," 1, 0, 3, 1, 0, 1, 6, 2",4084," 8, 0, 1, 8, 4, 1"
426,3120," 3, 3, 1, 3, 1, 0",6771," 1, 0, 2, 8, 0, 1, 1, 4",4089," 1, 0, 1, 8, 4, 1"
427,3121," 4, 3, 1, 3, 1, 0",5403," 1, 0, 5, 6, 0, 1, 7, 3",4091," 5, 0, 1, 8, 4, 1"
428,3122," 5, 3, 1, 3, 1, 0",4530," 1, 0, 4, 5, 0, 1, 8, 7",4090," 6, 0, 1, 8, 4, 1"
429,3123," 6, 3, 1, 3, 1, 0",3441," 1, 0, 1, 4, 0, 1, 2, 8",4086," 2, 0, 1, 8, 4, 1"
430,3124," 7, 3, 1, 3, 1, 0",6510," 1, 0, 8, 7, 0, 1, 4, 5",4088," 3, 0, 1, 8, 4, 1"
431,3125," 8, 3, 1, 3, 1, 0",3153," 1, 0, 7, 3, 0, 1, 5, 6",4087," 7, 0, 1, 8, 4, 1"
432,3225," 0, 6, 2, 3, 1, 0",267," 1, 2, 0, 0, 0, 0, 1, 4",6963," 0, 0, 2, 8, 8, 1"
433,3226," 1, 6, 2, 3, 1, 0",2208," 1, 0, 6, 2, 0, 1, 6, 2",6964," 4, 0, 2, 8, 8, 1"
434,3227," 2, 6, 2, 3, 1, 0",1104," 1, 0, 3, 1, 0, 1, 3, 1",6965," 8, 0, 2, 8, 8, 1"
435,3228," 3, 6, 2, 3, 1, 0",6808," 1, 0, 2, 8, 0, 1, 2, 8",6966," 1, 0, 2, 8, 8, 1"
436,3229," 4, 6, 2, 3, 1, 0",5428," 1, 0, 5, 6, 0, 1, 5, 6",6967," 5, 0, 2, 8, 8, 1"
437,3230," 5, 6, 2, 3, 1, 0",4508," 1, 0, 4, 5, 0, 1, 4, 5",6968," 6, 0, 2, 8, 8, 1"
438,3231," 6, 6, 2, 3, 1, 0",3404," 1, 0, 1, 4, 0, 1, 1, 4",6969," 2, 0, 2, 8, 8, 1"
439,3232," 7, 6, 2, 3, 1, 0",6532," 1, 0, 8, 7, 0, 1, 8, 7",6970," 3, 0, 2, 8, 8, 1"
440,3233," 8, 6, 2, 3, 1, 0",3128," 1, 0, 7, 3, 0, 1, 7, 3",6971," 7, 0, 2, 8, 8, 1"
441,3315," 0, 7, 3, 3, 1, 0",449," 1, 4, 0, 0, 0, 0, 1, 4",1923," 0, 0, 3, 8, 1, 1"
442,3316," 1, 7, 3, 3, 1, 0",2218," 1, 0, 6, 2, 0, 1, 7, 3",1931," 4, 0, 3, 8, 1, 1"
443,3317," 2, 7, 3, 3, 1, 0",1151," 1, 0, 3, 1, 0, 1, 5, 6",1927," 8, 0, 3, 8, 1, 1"
444,3318," 3, 7, 3, 3, 1, 0",6746," 1, 0, 2, 8, 0, 1, 3, 1",1925," 1, 0, 3, 8, 1, 1"
445,3319," 4, 7, 3, 3, 1, 0",5440," 1, 0, 5, 6, 0, 1, 8, 7",1930," 5, 0, 3, 8, 1, 1"
446,3320," 5, 7, 3, 3, 1, 0",4533," 1, 0, 4, 5, 0, 1, 2, 8",1926," 6, 0, 3, 8, 1, 1"
447,3321," 6, 7, 3, 3, 1, 0",3391," 1, 0, 1, 4, 0, 1, 6, 2",1924," 2, 0, 3, 8, 1, 1"
448,3322," 7, 7, 3, 3, 1, 0",6498," 1, 0, 8, 7, 0, 1, 1, 4",1929," 3, 0, 3, 8, 1, 1"
449,3323," 8, 7, 3, 3, 1, 0",3143," 1, 0, 7, 3, 0, 1, 4, 5",1928," 7, 0, 3, 8, 1, 1"
450,3342," 0, 1, 4, 3, 1, 0",358," 1, 3, 0, 0, 0, 0, 1, 4",4803," 0, 0, 4, 8, 5, 1"
451,3343," 1, 1, 4, 3, 1, 0",2221," 1, 0, 6, 2, 0, 1, 1, 4",4809," 4, 0, 4, 8, 5, 1"
452,3344," 2, 1, 4, 3, 1, 0",1166," 1, 0, 3, 1, 0, 1, 2, 8",4806," 8, 0, 4, 8, 5, 1"
453,3345," 3, 1, 4, 3, 1, 0",6783," 1, 0, 2, 8, 0, 1, 4, 5",4808," 1, 0, 4, 8, 5, 1"
454,3346," 4, 1, 4, 3, 1, 0",5381," 1, 0, 5, 6, 0, 1, 3, 1",4805," 5, 0, 4, 8, 5, 1"
455,3347," 5, 1, 4, 3, 1, 0",4493," 1, 0, 4, 5, 0, 1, 7, 3",4811," 6, 0, 4, 8, 5, 1"
456,3348," 6, 1, 4, 3, 1, 0",3438," 1, 0, 1, 4, 0, 1, 8, 7",4810," 2, 0, 4, 8, 5, 1"
457,3349," 7, 1, 4, 3, 1, 0",6520," 1, 0, 8, 7, 0, 1, 5, 6",4807," 3, 0, 4, 8, 5, 1"
458,3350," 8, 1, 4, 3, 1, 0",3118," 1, 0, 7, 3, 0, 1, 6, 2",4804," 7, 0, 4, 8, 5, 1"
459,3450," 0, 4, 5, 3, 1, 0",722," 1, 7, 0, 0, 0, 0, 1, 4",5523," 0, 0, 5, 8, 6, 1"
460,3451," 1, 4, 5, 3, 1, 0",2233," 1, 0, 6, 2, 0, 1, 4, 5",5528," 4, 0, 5, 8, 6, 1"
461,3452," 2, 4, 5, 3, 1, 0",1163," 1, 0, 3, 1, 0, 1, 8, 7",5530," 8, 0, 5, 8, 6, 1"
462,3453," 3, 4, 5, 3, 1, 0",6793," 1, 0, 2, 8, 0, 1, 5, 6",5527," 1, 0, 5, 8, 6, 1"
463,3454," 4, 4, 5, 3, 1, 0",5406," 1, 0, 5, 6, 0, 1, 1, 4",5529," 5, 0, 5, 8, 6, 1"
464,3455," 5, 4, 5, 3, 1, 0",4471," 1, 0, 4, 5, 0, 1, 3, 1",5525," 6, 0, 5, 8, 6, 1"
465,3456," 6, 4, 5, 3, 1, 0",3401," 1, 0, 1, 4, 0, 1, 7, 3",5531," 2, 0, 5, 8, 6, 1"
466,3457," 7, 4, 5, 3, 1, 0",6485," 1, 0, 8, 7, 0, 1, 6, 2",5524," 3, 0, 5, 8, 6, 1"
467,3458," 8, 4, 5, 3, 1, 0",3168," 1, 0, 7, 3, 0, 1, 2, 8",5526," 7, 0, 5, 8, 6, 1"
468,3540," 0, 5, 6, 3, 1, 0",813," 1, 8, 0, 0, 0, 0, 1, 4",2643," 0, 0, 6, 8, 2, 1"
469,3541," 1, 5, 6, 3, 1, 0",2243," 1, 0, 6, 2, 0, 1, 5, 6",2647," 4, 0, 6, 8, 2, 1"
470,3542," 2, 5, 6, 3, 1, 0",1126," 1, 0, 3, 1, 0, 1, 7, 3",2651," 8, 0, 6, 8, 2, 1"
471,3543," 3, 5, 6, 3, 1, 0",6758," 1, 0, 2, 8, 0, 1, 6, 2",2644," 1, 0, 6, 8, 2, 1"
472,3544," 4, 5, 6, 3, 1, 0",5418," 1, 0, 5, 6, 0, 1, 4, 5",2648," 5, 0, 6, 8, 2, 1"
473,3545," 5, 5, 6, 3, 1, 0",4496," 1, 0, 4, 5, 0, 1, 1, 4",2649," 6, 0, 6, 8, 2, 1"
474,3546," 6, 5, 6, 3, 1, 0",3379," 1, 0, 1, 4, 0, 1, 3, 1",2645," 2, 0, 6, 8, 2, 1"
475,3547," 7, 5, 6, 3, 1, 0",6535," 1, 0, 8, 7, 0, 1, 2, 8",2646," 3, 0, 6, 8, 2, 1"
476,3548," 8, 5, 6, 3, 1, 0",3165," 1, 0, 7, 3, 0, 1, 8, 7",2650," 7, 0, 6, 8, 2, 1"
477,3648," 0, 8, 7, 3, 1, 0",540," 1, 5, 0, 0, 0, 0, 1, 4",3363," 0, 0, 7, 8, 3, 1"
478,3649," 1, 8, 7, 3, 1, 0",2255," 1, 0, 6, 2, 0, 1, 8, 7",3370," 4, 0, 7, 8, 3, 1"
479,3650," 2, 8, 7, 3, 1, 0",1141," 1, 0, 3, 1, 0, 1, 4, 5",3368," 8, 0, 7, 8, 3, 1"
480,3651," 3, 8, 7, 3, 1, 0",6768," 1, 0, 2, 8, 0, 1, 7, 3",3371," 1, 0, 7, 8, 3, 1"
481,3652," 4, 8, 7, 3, 1, 0",5443," 1, 0, 5, 6, 0, 1, 2, 8",3366," 5, 0, 7, 8, 3, 1"
482,3653," 5, 8, 7, 3, 1, 0",4483," 1, 0, 4, 5, 0, 1, 6, 2",3364," 6, 0, 7, 8, 3, 1"
483,3654," 6, 8, 7, 3, 1, 0",3426," 1, 0, 1, 4, 0, 1, 5, 6",3367," 2, 0, 7, 8, 3, 1"
484,3655," 7, 8, 7, 3, 1, 0",6473," 1, 0, 8, 7, 0, 1, 3, 1",3365," 3, 0, 7, 8, 3, 1"
485,3656," 8, 8, 7, 3, 1, 0",3131," 1, 0, 7, 3, 0, 1, 1, 4",3369," 7, 0, 7, 8, 3, 1"
486,3675," 0, 2, 8, 3, 1, 0",631," 1, 6, 0, 0, 0, 0, 1, 4",6243," 0, 0, 8, 8, 7, 1"
487,3676," 1, 2, 8, 3, 1, 0",2258," 1, 0, 6, 2, 0, 1, 2, 8",6246," 4, 0, 8, 8, 7, 1"
488,3677," 2, 2, 8, 3, 1, 0",1129," 1, 0, 3, 1, 0, 1, 1, 4",6249," 8, 0, 8, 8, 7, 1"
489,3678," 3, 2, 8, 3, 1, 0",6805," 1, 0, 2, 8, 0, 1, 8, 7",6250," 1, 0, 8, 8, 7, 1"
490,3679," 4, 2, 8, 3, 1, 0",5393," 1, 0, 5, 6, 0, 1, 6, 2",6244," 5, 0, 8, 8, 7, 1"
491,3680," 5, 2, 8, 3, 1, 0",4518," 1, 0, 4, 5, 0, 1, 5, 6",6247," 6, 0, 8, 8, 7, 1"
492,3681," 6, 2, 8, 3, 1, 0",3416," 1, 0, 1, 4, 0, 1, 4, 5",6248," 2, 0, 8, 8, 7, 1"
493,3682," 7, 2, 8, 3, 1, 0",6495," 1, 0, 8, 7, 0, 1, 7, 3",6251," 3, 0, 8, 8, 7, 1"
494,3683," 8, 2, 8, 3, 1, 0",3106," 1, 0, 7, 3, 0, 1, 3, 1",6245," 7, 0, 8, 8, 7, 1"
495,3738," 0, 0, 0, 4, 1, 0",7374," 0, 1, 0, 0, 0, 0, 1, 3",1139," 0, 0, 0, 6, 0, 1"
496,3739," 1, 0, 0, 4, 1, 0",2366," 1, 0, 8, 2, 0, 1, 0, 0",1142," 3, 0, 0, 6, 0, 1"
497,3740," 2, 0, 0, 4, 1, 0",1183," 1, 0, 4, 1, 0, 1, 0, 0",1145," 6, 0, 0, 6, 0, 1"
498,3741," 3, 0, 0, 4, 1, 0",7189," 1, 0, 7, 8, 0, 1, 0, 0",1146," 7, 0, 0, 6, 0, 1"
499,3742," 4, 0, 0, 4, 1, 0",5096," 1, 0, 2, 6, 0, 1, 0, 0",1140," 1, 0, 0, 6, 0, 1"
500,3743," 5, 0, 0, 4, 1, 0",4641," 1, 0, 6, 5, 0, 1, 0, 0",1143," 4, 0, 0, 6, 0, 1"
501,3744," 6, 0, 0, 4, 1, 0",3731," 1, 0, 5, 4, 0, 1, 0, 0",1144," 5, 0, 0, 6, 0, 1"
502,3745," 7, 0, 0, 4, 1, 0",6006," 1, 0, 3, 7, 0, 1, 0, 0",1147," 8, 0, 0, 6, 0, 1"
503,3746," 8, 0, 0, 4, 1, 0",2548," 1, 0, 1, 3, 0, 1, 0, 0",1141," 2, 0, 0, 6, 0, 1"
504,3855," 0, 4, 1, 4, 1, 0",175," 1, 1, 0, 0, 0, 0, 1, 3",3397," 0, 0, 1, 6, 3, 1"
505,3856," 1, 4, 1, 4, 1, 0",2379," 1, 0, 8, 2, 0, 1, 4, 1",3399," 3, 0, 1, 6, 3, 1"
506,3857," 2, 4, 1, 4, 1, 0",1209," 1, 0, 4, 1, 0, 1, 8, 2",3398," 6, 0, 1, 6, 3, 1"
507,3858," 3, 4, 1, 4, 1, 0",7230," 1, 0, 7, 8, 0, 1, 5, 4",3403," 7, 0, 1, 6, 3, 1"
508,3859," 4, 4, 1, 4, 1, 0",5124," 1, 0, 2, 6, 0, 1, 1, 3",3405," 1, 0, 1, 6, 3, 1"
509,3860," 5, 4, 1, 4, 1, 0",4707," 1, 0, 6, 5, 0, 1, 3, 7",3404," 4, 0, 1, 6, 3, 1"
510,3861," 6, 4, 1, 4, 1, 0",3810," 1, 0, 5, 4, 0, 1, 7, 8",3400," 5, 0, 1, 6, 3, 1"
511,3862," 7, 4, 1, 4, 1, 0",6057," 1, 0, 3, 7, 0, 1, 6, 5",3402," 8, 0, 1, 6, 3, 1"
512,3863," 8, 4, 1, 4, 1, 0",2604," 1, 0, 1, 3, 0, 1, 2, 6",3401," 2, 0, 1, 6, 3, 1"
513,3972," 0, 8, 2, 4, 1, 0",266," 1, 2, 0, 0, 0, 0, 1, 3",5557," 0, 0, 2, 6, 6, 1"
514,3973," 1, 8, 2, 4, 1, 0",2392," 1, 0, 8, 2, 0, 1, 8, 2",5558," 3, 0, 2, 6, 6, 1"
515,3974," 2, 8, 2, 4, 1, 0",1196," 1, 0, 4, 1, 0, 1, 4, 1",5559," 6, 0, 2, 6, 6, 1"
516,3975," 3, 8, 2, 4, 1, 0",7268," 1, 0, 7, 8, 0, 1, 7, 8",5560," 7, 0, 2, 6, 6, 1"
517,3976," 4, 8, 2, 4, 1, 0",5152," 1, 0, 2, 6, 0, 1, 2, 6",5561," 1, 0, 2, 6, 6, 1"
518,3977," 5, 8, 2, 4, 1, 0",4692," 1, 0, 6, 5, 0, 1, 6, 5",5562," 4, 0, 2, 6, 6, 1"
519,3978," 6, 8, 2, 4, 1, 0",3772," 1, 0, 5, 4, 0, 1, 5, 4",5563," 5, 0, 2, 6, 6, 1"
520,3979," 7, 8, 2, 4, 1, 0",6072," 1, 0, 3, 7, 0, 1, 3, 7",5564," 8, 0, 2, 6, 6, 1"
521,3980," 8, 8, 2, 4, 1, 0",2576," 1, 0, 1, 3, 0, 1, 1, 3",5565," 2, 0, 2, 6, 6, 1"
522,3990," 0, 1, 3, 4, 1, 0",448," 1, 4, 0, 0, 0, 0, 1, 3",6277," 0, 0, 3, 6, 7, 1"
523,3991," 1, 1, 3, 4, 1, 0",2394," 1, 0, 8, 2, 0, 1, 1, 3",6285," 3, 0, 3, 6, 7, 1"
524,3992," 2, 1, 3, 4, 1, 0",1239," 1, 0, 4, 1, 0, 1, 2, 6",6281," 6, 0, 3, 6, 7, 1"
525,3993," 3, 1, 3, 4, 1, 0",7202," 1, 0, 7, 8, 0, 1, 4, 1",6279," 7, 0, 3, 6, 7, 1"
526,3994," 4, 1, 3, 4, 1, 0",5162," 1, 0, 2, 6, 0, 1, 3, 7",6284," 1, 0, 3, 6, 7, 1"
527,3995," 5, 1, 3, 4, 1, 0",4720," 1, 0, 6, 5, 0, 1, 7, 8",6280," 4, 0, 3, 6, 7, 1"
528,3996," 6, 1, 3, 4, 1, 0",3757," 1, 0, 5, 4, 0, 1, 8, 2",6278," 5, 0, 3, 6, 7, 1"
529,3997," 7, 1, 3, 4, 1, 0",6047," 1, 0, 3, 7, 0, 1, 5, 4",6283," 8, 0, 3, 6, 7, 1"
530,3998," 8, 1, 3, 4, 1, 0",2599," 1, 0, 1, 3, 0, 1, 6, 5",6282," 2, 0, 3, 6, 7, 1"
531,4107," 0, 5, 4, 4, 1, 0",357," 1, 3, 0, 0, 0, 0, 1, 3",1957," 0, 0, 4, 6, 1, 1"
532,4108," 1, 5, 4, 4, 1, 0",2407," 1, 0, 8, 2, 0, 1, 5, 4",1963," 3, 0, 4, 6, 1, 1"
533,4109," 2, 5, 4, 4, 1, 0",1262," 1, 0, 4, 1, 0, 1, 7, 8",1960," 6, 0, 4, 6, 1, 1"
534,4110," 3, 5, 4, 4, 1, 0",7240," 1, 0, 7, 8, 0, 1, 6, 5",1962," 7, 0, 4, 6, 1, 1"
535,4111," 4, 5, 4, 4, 1, 0",5109," 1, 0, 2, 6, 0, 1, 4, 1",1959," 1, 0, 4, 6, 1, 1"
536,4112," 5, 5, 4, 4, 1, 0",4669," 1, 0, 6, 5, 0, 1, 1, 3",1965," 4, 0, 4, 6, 1, 1"
537,4113," 6, 5, 4, 4, 1, 0",3797," 1, 0, 5, 4, 0, 1, 3, 7",1964," 5, 0, 4, 6, 1, 1"
538,4114," 7, 5, 4, 4, 1, 0",6062," 1, 0, 3, 7, 0, 1, 2, 6",1961," 8, 0, 4, 6, 1, 1"
539,4115," 8, 5, 4, 4, 1, 0",2574," 1, 0, 1, 3, 0, 1, 8, 2",1958," 2, 0, 4, 6, 1, 1"
540,4197," 0, 6, 5, 4, 1, 0",721," 1, 7, 0, 0, 0, 0, 1, 3",4117," 0, 0, 5, 6, 4, 1"
541,4198," 1, 6, 5, 4, 1, 0",2417," 1, 0, 8, 2, 0, 1, 6, 5",4122," 3, 0, 5, 6, 4, 1"
542,4199," 2, 6, 5, 4, 1, 0",1249," 1, 0, 4, 1, 0, 1, 3, 7",4124," 6, 0, 5, 6, 4, 1"
543,4200," 3, 6, 5, 4, 1, 0",7245," 1, 0, 7, 8, 0, 1, 2, 6",4121," 7, 0, 5, 6, 4, 1"
544,4201," 4, 6, 5, 4, 1, 0",5137," 1, 0, 2, 6, 0, 1, 5, 4",4123," 1, 0, 5, 6, 4, 1"
545,4202," 5, 6, 5, 4, 1, 0",4654," 1, 0, 6, 5, 0, 1, 4, 1",4119," 4, 0, 5, 6, 4, 1"
546,4203," 6, 6, 5, 4, 1, 0",3759," 1, 0, 5, 4, 0, 1, 1, 3",4125," 5, 0, 5, 6, 4, 1"
547,4204," 7, 6, 5, 4, 1, 0",6032," 1, 0, 3, 7, 0, 1, 8, 2",4118," 8, 0, 5, 6, 4, 1"
548,4205," 8, 6, 5, 4, 1, 0",2627," 1, 0, 1, 3, 0, 1, 7, 8",4120," 2, 0, 5, 6, 4, 1"
549,4242," 0, 2, 6, 4, 1, 0",812," 1, 8, 0, 0, 0, 0, 1, 3",4837," 0, 0, 6, 6, 5, 1"
550,4243," 1, 2, 6, 4, 1, 0",2422," 1, 0, 8, 2, 0, 1, 2, 6",4841," 3, 0, 6, 6, 5, 1"
551,4244," 2, 2, 6, 4, 1, 0",1211," 1, 0, 4, 1, 0, 1, 1, 3",4845," 6, 0, 6, 6, 5, 1"
552,4245," 3, 2, 6, 4, 1, 0",7215," 1, 0, 7, 8, 0, 1, 8, 2",4838," 7, 0, 6, 6, 5, 1"
553,4246," 4, 2, 6, 4, 1, 0",5147," 1, 0, 2, 6, 0, 1, 6, 5",4842," 1, 0, 6, 6, 5, 1"
554,4247," 5, 2, 6, 4, 1, 0",4682," 1, 0, 6, 5, 0, 1, 5, 4",4843," 4, 0, 6, 6, 5, 1"
555,4248," 6, 2, 6, 4, 1, 0",3744," 1, 0, 5, 4, 0, 1, 4, 1",4839," 5, 0, 6, 6, 5, 1"
556,4249," 7, 2, 6, 4, 1, 0",6085," 1, 0, 3, 7, 0, 1, 7, 8",4840," 8, 0, 6, 6, 5, 1"
557,4250," 8, 2, 6, 4, 1, 0",2614," 1, 0, 1, 3, 0, 1, 3, 7",4844," 2, 0, 6, 6, 5, 1"
558,4332," 0, 3, 7, 4, 1, 0",539," 1, 5, 0, 0, 0, 0, 1, 3",6997," 0, 0, 7, 6, 8, 1"
559,4333," 1, 3, 7, 4, 1, 0",2432," 1, 0, 8, 2, 0, 1, 3, 7",7004," 3, 0, 7, 6, 8, 1"
560,4334," 2, 3, 7, 4, 1, 0",1234," 1, 0, 4, 1, 0, 1, 6, 5",7002," 6, 0, 7, 6, 8, 1"
561,4335," 3, 3, 7, 4, 1, 0",7217," 1, 0, 7, 8, 0, 1, 1, 3",7005," 7, 0, 7, 6, 8, 1"
562,4336," 4, 3, 7, 4, 1, 0",5175," 1, 0, 2, 6, 0, 1, 7, 8",7000," 1, 0, 7, 6, 8, 1"
563,4337," 5, 3, 7, 4, 1, 0",4667," 1, 0, 6, 5, 0, 1, 8, 2",6998," 4, 0, 7, 6, 8, 1"
564,4338," 6, 3, 7, 4, 1, 0",3787," 1, 0, 5, 4, 0, 1, 2, 6",7001," 5, 0, 7, 6, 8, 1"
565,4339," 7, 3, 7, 4, 1, 0",6019," 1, 0, 3, 7, 0, 1, 4, 1",6999," 8, 0, 7, 6, 8, 1"
566,4340," 8, 3, 7, 4, 1, 0",2589," 1, 0, 1, 3, 0, 1, 5, 4",7003," 2, 0, 7, 6, 8, 1"
567,4449," 0, 7, 8, 4, 1, 0",630," 1, 6, 0, 0, 0, 0, 1, 3",2677," 0, 0, 8, 6, 2, 1"
568,4450," 1, 7, 8, 4, 1, 0",2445," 1, 0, 8, 2, 0, 1, 7, 8",2680," 3, 0, 8, 6, 2, 1"
569,4451," 2, 7, 8, 4, 1, 0",1224," 1, 0, 4, 1, 0, 1, 5, 4",2683," 6, 0, 8, 6, 2, 1"
570,4452," 3, 7, 8, 4, 1, 0",7255," 1, 0, 7, 8, 0, 1, 3, 7",2684," 7, 0, 8, 6, 2, 1"
571,4453," 4, 7, 8, 4, 1, 0",5122," 1, 0, 2, 6, 0, 1, 8, 2",2678," 1, 0, 8, 6, 2, 1"
572,4454," 5, 7, 8, 4, 1, 0",4697," 1, 0, 6, 5, 0, 1, 2, 6",2681," 4, 0, 8, 6, 2, 1"
573,4455," 6, 7, 8, 4, 1, 0",3782," 1, 0, 5, 4, 0, 1, 6, 5",2682," 5, 0, 8, 6, 2, 1"
574,4456," 7, 7, 8, 4, 1, 0",6034," 1, 0, 3, 7, 0, 1, 1, 3",2685," 8, 0, 8, 6, 2, 1"
575,4457," 8, 7, 8, 4, 1, 0",2561," 1, 0, 1, 3, 0, 1, 4, 1",2679," 2, 0, 8, 6, 2, 1"
576,4467," 0, 0, 0, 5, 1, 0",7378," 0, 1, 0, 0, 0, 0, 1, 7",1122," 0, 0, 0, 5, 0, 1"
577,4468," 1, 0, 0, 5, 1, 0",2275," 1, 0, 7, 2, 0, 1, 0, 0",1129," 7, 0, 0, 5, 0, 1"
578,4469," 2, 0, 0, 5, 1, 0",1274," 1, 0, 5, 1, 0, 1, 0, 0",1127," 5, 0, 0, 5, 0, 1"
579,4470," 3, 0, 0, 5, 1, 0",6825," 1, 0, 3, 8, 0, 1, 0, 0",1130," 8, 0, 0, 5, 0, 1"
580,4471," 4, 0, 0, 5, 1, 0",5642," 1, 0, 8, 6, 0, 1, 0, 0",1125," 3, 0, 0, 5, 0, 1"
581,4472," 5, 0, 0, 5, 1, 0",4277," 1, 0, 2, 5, 0, 1, 0, 0",1123," 1, 0, 0, 5, 0, 1"
582,4473," 6, 0, 0, 5, 1, 0",3822," 1, 0, 6, 4, 0, 1, 0, 0",1126," 4, 0, 0, 5, 0, 1"
583,4474," 7, 0, 0, 5, 1, 0",5824," 1, 0, 1, 7, 0, 1, 0, 0",1124," 2, 0, 0, 5, 0, 1"
584,4475," 8, 0, 0, 5, 1, 0",2821," 1, 0, 4, 3, 0, 1, 0, 0",1128," 6, 0, 0, 5, 0, 1"
585,4593," 0, 5, 1, 5, 1, 0",179," 1, 1, 0, 0, 0, 0, 1, 7",6260," 0, 0, 1, 5, 7, 1"
586,4594," 1, 5, 1, 5, 1, 0",2289," 1, 0, 7, 2, 0, 1, 5, 1",6262," 7, 0, 1, 5, 7, 1"
587,4595," 2, 5, 1, 5, 1, 0",1299," 1, 0, 5, 1, 0, 1, 7, 2",6261," 5, 0, 1, 5, 7, 1"
588,4596," 3, 5, 1, 5, 1, 0",6867," 1, 0, 3, 8, 0, 1, 6, 4",6266," 8, 0, 1, 5, 7, 1"
589,4597," 4, 5, 1, 5, 1, 0",5673," 1, 0, 8, 6, 0, 1, 4, 3",6268," 3, 0, 1, 5, 7, 1"
590,4598," 5, 5, 1, 5, 1, 0",4341," 1, 0, 2, 5, 0, 1, 1, 7",6267," 1, 0, 1, 5, 7, 1"
591,4599," 6, 5, 1, 5, 1, 0",3897," 1, 0, 6, 4, 0, 1, 3, 8",6263," 4, 0, 1, 5, 7, 1"
592,4600," 7, 5, 1, 5, 1, 0",5871," 1, 0, 1, 7, 0, 1, 2, 5",6265," 2, 0, 1, 5, 7, 1"
593,4601," 8, 5, 1, 5, 1, 0",2883," 1, 0, 4, 3, 0, 1, 8, 6",6264," 6, 0, 1, 5, 7, 1"
594,4692," 0, 7, 2, 5, 1, 0",270," 1, 2, 0, 0, 0, 0, 1, 7",4820," 0, 0, 2, 5, 5, 1"
595,4693," 1, 7, 2, 5, 1, 0",2300," 1, 0, 7, 2, 0, 1, 7, 2",4821," 7, 0, 2, 5, 5, 1"
596,4694," 2, 7, 2, 5, 1, 0",1288," 1, 0, 5, 1, 0, 1, 5, 1",4822," 5, 0, 2, 5, 5, 1"
597,4695," 3, 7, 2, 5, 1, 0",6900," 1, 0, 3, 8, 0, 1, 3, 8",4823," 8, 0, 2, 5, 5, 1"
598,4696," 4, 7, 2, 5, 1, 0",5704," 1, 0, 8, 6, 0, 1, 8, 6",4824," 3, 0, 2, 5, 5, 1"
599,4697," 5, 7, 2, 5, 1, 0",4324," 1, 0, 2, 5, 0, 1, 2, 5",4825," 1, 0, 2, 5, 5, 1"
600,4698," 6, 7, 2, 5, 1, 0",3864," 1, 0, 6, 4, 0, 1, 6, 4",4826," 4, 0, 2, 5, 5, 1"
601,4699," 7, 7, 2, 5, 1, 0",5888," 1, 0, 1, 7, 0, 1, 1, 7",4827," 2, 0, 2, 5, 5, 1"
602,4700," 8, 7, 2, 5, 1, 0",2852," 1, 0, 4, 3, 0, 1, 4, 3",4828," 6, 0, 2, 5, 5, 1"
603,4746," 0, 4, 3, 5, 1, 0",452," 1, 4, 0, 0, 0, 0, 1, 7",6980," 0, 0, 3, 5, 8, 1"
604,4747," 1, 4, 3, 5, 1, 0",2306," 1, 0, 7, 2, 0, 1, 4, 3",6988," 7, 0, 3, 5, 8, 1"
605,4748," 2, 4, 3, 5, 1, 0",1336," 1, 0, 5, 1, 0, 1, 8, 6",6984," 5, 0, 3, 5, 8, 1"
606,4749," 3, 4, 3, 5, 1, 0",6839," 1, 0, 3, 8, 0, 1, 5, 1",6982," 8, 0, 3, 5, 8, 1"
607,4750," 4, 4, 3, 5, 1, 0",5706," 1, 0, 8, 6, 0, 1, 1, 7",6987," 3, 0, 3, 5, 8, 1"
608,4751," 5, 4, 3, 5, 1, 0",4352," 1, 0, 2, 5, 0, 1, 3, 8",6983," 1, 0, 3, 5, 8, 1"
609,4752," 6, 4, 3, 5, 1, 0",3847," 1, 0, 6, 4, 0, 1, 7, 2",6981," 4, 0, 3, 5, 8, 1"
610,4753," 7, 4, 3, 5, 1, 0",5866," 1, 0, 1, 7, 0, 1, 6, 4",6986," 2, 0, 3, 5, 8, 1"
611,4754," 8, 4, 3, 5, 1, 0",2868," 1, 0, 4, 3, 0, 1, 2, 5",6985," 6, 0, 3, 5, 8, 1"
612,4845," 0, 6, 4, 5, 1, 0",361," 1, 3, 0, 0, 0, 0, 1, 7",3380," 0, 0, 4, 5, 3, 1"
613,4846," 1, 6, 4, 5, 1, 0",2317," 1, 0, 7, 2, 0, 1, 6, 4",3386," 7, 0, 4, 5, 3, 1"
614,4847," 2, 6, 4, 5, 1, 0",1349," 1, 0, 5, 1, 0, 1, 3, 8",3383," 5, 0, 4, 5, 3, 1"
615,4848," 3, 6, 4, 5, 1, 0",6872," 1, 0, 3, 8, 0, 1, 2, 5",3385," 8, 0, 4, 5, 3, 1"
616,4849," 4, 6, 4, 5, 1, 0",5656," 1, 0, 8, 6, 0, 1, 5, 1",3382," 3, 0, 4, 5, 3, 1"
617,4850," 5, 6, 4, 5, 1, 0",4308," 1, 0, 2, 5, 0, 1, 4, 3",3388," 1, 0, 4, 5, 3, 1"
618,4851," 6, 6, 4, 5, 1, 0",3886," 1, 0, 6, 4, 0, 1, 1, 7",3387," 4, 0, 4, 5, 3, 1"
619,4852," 7, 6, 4, 5, 1, 0",5886," 1, 0, 1, 7, 0, 1, 8, 6",3384," 2, 0, 4, 5, 3, 1"
620,4853," 8, 6, 4, 5, 1, 0",2846," 1, 0, 4, 3, 0, 1, 7, 2",3381," 6, 0, 4, 5, 3, 1"
621,4890," 0, 2, 5, 5, 1, 0",725," 1, 7, 0, 0, 0, 0, 1, 7",1940," 0, 0, 5, 5, 1, 1"
622,4891," 1, 2, 5, 5, 1, 0",2322," 1, 0, 7, 2, 0, 1, 2, 5",1945," 7, 0, 5, 5, 1, 1"
623,4892," 2, 2, 5, 5, 1, 0",1338," 1, 0, 5, 1, 0, 1, 1, 7",1947," 5, 0, 5, 5, 1, 1"
624,4893," 3, 2, 5, 5, 1, 0",6887," 1, 0, 3, 8, 0, 1, 8, 6",1944," 8, 0, 5, 5, 1, 1"
625,4894," 4, 2, 5, 5, 1, 0",5684," 1, 0, 8, 6, 0, 1, 6, 4",1946," 3, 0, 5, 5, 1, 1"
626,4895," 5, 2, 5, 5, 1, 0",4291," 1, 0, 2, 5, 0, 1, 5, 1",1942," 1, 0, 5, 5, 1, 1"
627,4896," 6, 2, 5, 5, 1, 0",3853," 1, 0, 6, 4, 0, 1, 4, 3",1948," 4, 0, 5, 5, 1, 1"
628,4897," 7, 2, 5, 5, 1, 0",5849," 1, 0, 1, 7, 0, 1, 7, 2",1941," 2, 0, 5, 5, 1, 1"
629,4898," 8, 2, 5, 5, 1, 0",2896," 1, 0, 4, 3, 0, 1, 3, 8",1943," 6, 0, 5, 5, 1, 1"
630,5025," 0, 8, 6, 5, 1, 0",816," 1, 8, 0, 0, 0, 0, 1, 7",4100," 0, 0, 6, 5, 4, 1"
631,5026," 1, 8, 6, 5, 1, 0",2337," 1, 0, 7, 2, 0, 1, 8, 6",4104," 7, 0, 6, 5, 4, 1"
632,5027," 2, 8, 6, 5, 1, 0",1305," 1, 0, 5, 1, 0, 1, 4, 3",4108," 5, 0, 6, 5, 4, 1"
633,5028," 3, 8, 6, 5, 1, 0",6850," 1, 0, 3, 8, 0, 1, 7, 2",4101," 8, 0, 6, 5, 4, 1"
634,5029," 4, 8, 6, 5, 1, 0",5689," 1, 0, 8, 6, 0, 1, 2, 5",4105," 3, 0, 6, 5, 4, 1"
635,5030," 5, 8, 6, 5, 1, 0",4319," 1, 0, 2, 5, 0, 1, 6, 4",4106," 1, 0, 6, 5, 4, 1"
636,5031," 6, 8, 6, 5, 1, 0",3836," 1, 0, 6, 4, 0, 1, 5, 1",4102," 4, 0, 6, 5, 4, 1"
637,5032," 7, 8, 6, 5, 1, 0",5899," 1, 0, 1, 7, 0, 1, 3, 8",4103," 2, 0, 6, 5, 4, 1"
638,5033," 8, 8, 6, 5, 1, 0",2885," 1, 0, 4, 3, 0, 1, 1, 7",4107," 6, 0, 6, 5, 4, 1"
639,5043," 0, 1, 7, 5, 1, 0",543," 1, 5, 0, 0, 0, 0, 1, 7",2660," 0, 0, 7, 5, 2, 1"
640,5044," 1, 1, 7, 5, 1, 0",2339," 1, 0, 7, 2, 0, 1, 1, 7",2667," 7, 0, 7, 5, 2, 1"
641,5045," 2, 1, 7, 5, 1, 0",1321," 1, 0, 5, 1, 0, 1, 2, 5",2665," 5, 0, 7, 5, 2, 1"
642,5046," 3, 1, 7, 5, 1, 0",6856," 1, 0, 3, 8, 0, 1, 4, 3",2668," 8, 0, 7, 5, 2, 1"
643,5047," 4, 1, 7, 5, 1, 0",5717," 1, 0, 8, 6, 0, 1, 3, 8",2663," 3, 0, 7, 5, 2, 1"
644,5048," 5, 1, 7, 5, 1, 0",4302," 1, 0, 2, 5, 0, 1, 7, 2",2661," 1, 0, 7, 5, 2, 1"
645,5049," 6, 1, 7, 5, 1, 0",3884," 1, 0, 6, 4, 0, 1, 8, 6",2664," 4, 0, 7, 5, 2, 1"
646,5050," 7, 1, 7, 5, 1, 0",5838," 1, 0, 1, 7, 0, 1, 5, 1",2662," 2, 0, 7, 5, 2, 1"
647,5051," 8, 1, 7, 5, 1, 0",2863," 1, 0, 4, 3, 0, 1, 6, 4",2666," 6, 0, 7, 5, 2, 1"
648,5142," 0, 3, 8, 5, 1, 0",634," 1, 6, 0, 0, 0, 0, 1, 7",5540," 0, 0, 8, 5, 6, 1"
649,5143," 1, 3, 8, 5, 1, 0",2350," 1, 0, 7, 2, 0, 1, 3, 8",5543," 7, 0, 8, 5, 6, 1"
650,5144," 2, 3, 8, 5, 1, 0",1316," 1, 0, 5, 1, 0, 1, 6, 4",5546," 5, 0, 8, 5, 6, 1"
651,5145," 3, 3, 8, 5, 1, 0",6889," 1, 0, 3, 8, 0, 1, 1, 7",5547," 8, 0, 8, 5, 6, 1"
652,5146," 4, 3, 8, 5, 1, 0",5667," 1, 0, 8, 6, 0, 1, 7, 2",5541," 3, 0, 8, 5, 6, 1"
653,5147," 5, 3, 8, 5, 1, 0",4339," 1, 0, 2, 5, 0, 1, 8, 6",5544," 1, 0, 8, 5, 6, 1"
654,5148," 6, 3, 8, 5, 1, 0",3869," 1, 0, 6, 4, 0, 1, 2, 5",5545," 4, 0, 8, 5, 6, 1"
655,5149," 7, 3, 8, 5, 1, 0",5855," 1, 0, 1, 7, 0, 1, 4, 3",5548," 2, 0, 8, 5, 6, 1"
656,5150," 8, 3, 8, 5, 1, 0",2835," 1, 0, 4, 3, 0, 1, 5, 1",5542," 6, 0, 8, 5, 6, 1"
657,5196," 0, 0, 0, 6, 1, 0",7379," 0, 1, 0, 0, 0, 0, 1, 8",1105," 0, 0, 0, 4, 0, 1"
658,5197," 1, 0, 0, 6, 1, 0",1911," 1, 0, 3, 2, 0, 1, 0, 0",1113," 8, 0, 0, 4, 0, 1"
659,5198," 2, 0, 0, 6, 1, 0",1365," 1, 0, 6, 1, 0, 1, 0, 0",1109," 4, 0, 0, 4, 0, 1"
660,5199," 3, 0, 0, 6, 1, 0",6643," 1, 0, 1, 8, 0, 1, 0, 0",1107," 2, 0, 0, 4, 0, 1"
661,5200," 4, 0, 0, 6, 1, 0",5551," 1, 0, 7, 6, 0, 1, 0, 0",1112," 7, 0, 0, 4, 0, 1"
662,5201," 5, 0, 0, 6, 1, 0",4823," 1, 0, 8, 5, 0, 1, 0, 0",1108," 3, 0, 0, 4, 0, 1"
663,5202," 6, 0, 0, 6, 1, 0",3458," 1, 0, 2, 4, 0, 1, 0, 0",1106," 1, 0, 0, 4, 0, 1"
664,5203," 7, 0, 0, 6, 1, 0",6097," 1, 0, 4, 7, 0, 1, 0, 0",1111," 6, 0, 0, 4, 0, 1"
665,5204," 8, 0, 0, 6, 1, 0",2912," 1, 0, 5, 3, 0, 1, 0, 0",1110," 5, 0, 0, 4, 0, 1"
666,5331," 0, 6, 1, 6, 1, 0",180," 1, 1, 0, 0, 0, 0, 1, 8",6912," 0, 0, 1, 4, 8, 1"
667,5332," 1, 6, 1, 6, 1, 0",1926," 1, 0, 3, 2, 0, 1, 6, 1",6914," 8, 0, 1, 4, 8, 1"
668,5333," 2, 6, 1, 6, 1, 0",1386," 1, 0, 6, 1, 0, 1, 3, 2",6913," 4, 0, 1, 4, 8, 1"
669,5334," 3, 6, 1, 6, 1, 0",6681," 1, 0, 1, 8, 0, 1, 2, 4",6918," 2, 0, 1, 4, 8, 1"
670,5335," 4, 6, 1, 6, 1, 0",5583," 1, 0, 7, 6, 0, 1, 5, 3",6920," 7, 0, 1, 4, 8, 1"
671,5336," 5, 6, 1, 6, 1, 0",4890," 1, 0, 8, 5, 0, 1, 4, 7",6919," 3, 0, 1, 4, 8, 1"
672,5337," 6, 6, 1, 6, 1, 0",3531," 1, 0, 2, 4, 0, 1, 1, 8",6915," 1, 0, 1, 4, 8, 1"
673,5338," 7, 6, 1, 6, 1, 0",6150," 1, 0, 4, 7, 0, 1, 8, 5",6917," 6, 0, 1, 4, 8, 1"
674,5339," 8, 6, 1, 6, 1, 0",2973," 1, 0, 5, 3, 0, 1, 7, 6",6916," 5, 0, 1, 4, 8, 1"
675,5385," 0, 3, 2, 6, 1, 0",271," 1, 2, 0, 0, 0, 0, 1, 8",4032," 0, 0, 2, 4, 4, 1"
676,5386," 1, 3, 2, 6, 1, 0",1932," 1, 0, 3, 2, 0, 1, 3, 2",4033," 8, 0, 2, 4, 4, 1"
677,5387," 2, 3, 2, 6, 1, 0",1380," 1, 0, 6, 1, 0, 1, 6, 1",4034," 4, 0, 2, 4, 4, 1"
678,5388," 3, 3, 2, 6, 1, 0",6716," 1, 0, 1, 8, 0, 1, 1, 8",4035," 2, 0, 2, 4, 4, 1"
679,5389," 4, 3, 2, 6, 1, 0",5612," 1, 0, 7, 6, 0, 1, 7, 6",4036," 7, 0, 2, 4, 4, 1"
680,5390," 5, 3, 2, 6, 1, 0",4876," 1, 0, 8, 5, 0, 1, 8, 5",4037," 3, 0, 2, 4, 4, 1"
681,5391," 6, 3, 2, 6, 1, 0",3496," 1, 0, 2, 4, 0, 1, 2, 4",4038," 1, 0, 2, 4, 4, 1"
682,5392," 7, 3, 2, 6, 1, 0",6164," 1, 0, 4, 7, 0, 1, 4, 7",4039," 6, 0, 2, 4, 4, 1"
683,5393," 8, 3, 2, 6, 1, 0",2944," 1, 0, 5, 3, 0, 1, 5, 3",4040," 5, 0, 2, 4, 4, 1"
684,5484," 0, 5, 3, 6, 1, 0",453," 1, 4, 0, 0, 0, 0, 1, 8",2592," 0, 0, 3, 4, 2, 1"
685,5485," 1, 5, 3, 6, 1, 0",1943," 1, 0, 3, 2, 0, 1, 5, 3",2600," 8, 0, 3, 4, 2, 1"
686,5486," 2, 5, 3, 6, 1, 0",1426," 1, 0, 6, 1, 0, 1, 7, 6",2596," 4, 0, 3, 4, 2, 1"
687,5487," 3, 5, 3, 6, 1, 0",6658," 1, 0, 1, 8, 0, 1, 6, 1",2594," 2, 0, 3, 4, 2, 1"
688,5488," 4, 5, 3, 6, 1, 0",5618," 1, 0, 7, 6, 0, 1, 4, 7",2599," 7, 0, 3, 4, 2, 1"
689,5489," 5, 5, 3, 6, 1, 0",4896," 1, 0, 8, 5, 0, 1, 1, 8",2595," 3, 0, 3, 4, 2, 1"
690,5490," 6, 5, 3, 6, 1, 0",3479," 1, 0, 2, 4, 0, 1, 3, 2",2593," 1, 0, 3, 4, 2, 1"
691,5491," 7, 5, 3, 6, 1, 0",6135," 1, 0, 4, 7, 0, 1, 2, 4",2598," 6, 0, 3, 4, 2, 1"
692,5492," 8, 5, 3, 6, 1, 0",2965," 1, 0, 5, 3, 0, 1, 8, 5",2597," 5, 0, 3, 4, 2, 1"
693,5538," 0, 2, 4, 6, 1, 0",362," 1, 3, 0, 0, 0, 0, 1, 8",6192," 0, 0, 4, 4, 7, 1"
694,5539," 1, 2, 4, 6, 1, 0",1949," 1, 0, 3, 2, 0, 1, 2, 4",6198," 8, 0, 4, 4, 7, 1"
695,5540," 2, 2, 4, 6, 1, 0",1438," 1, 0, 6, 1, 0, 1, 1, 8",6195," 4, 0, 4, 4, 7, 1"
696,5541," 3, 2, 4, 6, 1, 0",6696," 1, 0, 1, 8, 0, 1, 8, 5",6197," 2, 0, 4, 4, 7, 1"
697,5542," 4, 2, 4, 6, 1, 0",5566," 1, 0, 7, 6, 0, 1, 6, 1",6194," 7, 0, 4, 4, 7, 1"
698,5543," 5, 2, 4, 6, 1, 0",4855," 1, 0, 8, 5, 0, 1, 5, 3",6200," 3, 0, 4, 4, 7, 1"
699,5544," 6, 2, 4, 6, 1, 0",3525," 1, 0, 2, 4, 0, 1, 4, 7",6199," 1, 0, 4, 4, 7, 1"
700,5545," 7, 2, 4, 6, 1, 0",6158," 1, 0, 4, 7, 0, 1, 7, 6",6196," 6, 0, 4, 4, 7, 1"
701,5546," 8, 2, 4, 6, 1, 0",2933," 1, 0, 5, 3, 0, 1, 3, 2",6193," 5, 0, 4, 4, 7, 1"
702,5673," 0, 8, 5, 6, 1, 0",726," 1, 7, 0, 0, 0, 0, 1, 8",3312," 0, 0, 5, 4, 3, 1"
703,5674," 1, 8, 5, 6, 1, 0",1964," 1, 0, 3, 2, 0, 1, 8, 5",3317," 8, 0, 5, 4, 3, 1"
704,5675," 2, 8, 5, 6, 1, 0",1432," 1, 0, 6, 1, 0, 1, 4, 7",3319," 4, 0, 5, 4, 3, 1"
705,5676," 3, 8, 5, 6, 1, 0",6704," 1, 0, 1, 8, 0, 1, 7, 6",3316," 2, 0, 5, 4, 3, 1"
706,5677," 4, 8, 5, 6, 1, 0",5589," 1, 0, 7, 6, 0, 1, 2, 4",3318," 7, 0, 5, 4, 3, 1"
707,5678," 5, 8, 5, 6, 1, 0",4838," 1, 0, 8, 5, 0, 1, 6, 1",3314," 3, 0, 5, 4, 3, 1"
708,5679," 6, 8, 5, 6, 1, 0",3490," 1, 0, 2, 4, 0, 1, 5, 3",3320," 1, 0, 5, 4, 3, 1"
709,5680," 7, 8, 5, 6, 1, 0",6118," 1, 0, 4, 7, 0, 1, 3, 2",3313," 6, 0, 5, 4, 3, 1"
710,5681," 8, 8, 5, 6, 1, 0",2985," 1, 0, 5, 3, 0, 1, 1, 8",3315," 5, 0, 5, 4, 3, 1"
711,5745," 0, 7, 6, 6, 1, 0",817," 1, 8, 0, 0, 0, 0, 1, 8",1872," 0, 0, 6, 4, 1, 1"
712,5746," 1, 7, 6, 6, 1, 0",1972," 1, 0, 3, 2, 0, 1, 7, 6",1876," 8, 0, 6, 4, 1, 1"
713,5747," 2, 7, 6, 6, 1, 0",1397," 1, 0, 6, 1, 0, 1, 5, 3",1880," 4, 0, 6, 4, 1, 1"
714,5748," 3, 7, 6, 6, 1, 0",6664," 1, 0, 1, 8, 0, 1, 3, 2",1873," 2, 0, 6, 4, 1, 1"
715,5749," 4, 7, 6, 6, 1, 0",5604," 1, 0, 7, 6, 0, 1, 8, 5",1877," 7, 0, 6, 4, 1, 1"
716,5750," 5, 7, 6, 6, 1, 0",4861," 1, 0, 8, 5, 0, 1, 2, 4",1878," 3, 0, 6, 4, 1, 1"
717,5751," 6, 7, 6, 6, 1, 0",3473," 1, 0, 2, 4, 0, 1, 6, 1",1874," 1, 0, 6, 4, 1, 1"
718,5752," 7, 7, 6, 6, 1, 0",6170," 1, 0, 4, 7, 0, 1, 1, 8",1875," 6, 0, 6, 4, 1, 1"
719,5753," 8, 7, 6, 6, 1, 0",2979," 1, 0, 5, 3, 0, 1, 4, 7",1879," 5, 0, 6, 4, 1, 1"
720,5799," 0, 4, 7, 6, 1, 0",544," 1, 5, 0, 0, 0, 0, 1, 8",5472," 0, 0, 7, 4, 6, 1"
721,5800," 1, 4, 7, 6, 1, 0",1978," 1, 0, 3, 2, 0, 1, 4, 7",5479," 8, 0, 7, 4, 6, 1"
722,5801," 2, 4, 7, 6, 1, 0",1418," 1, 0, 6, 1, 0, 1, 8, 5",5477," 4, 0, 7, 4, 6, 1"
723,5802," 3, 4, 7, 6, 1, 0",6675," 1, 0, 1, 8, 0, 1, 5, 3",5480," 2, 0, 7, 4, 6, 1"
724,5803," 4, 4, 7, 6, 1, 0",5624," 1, 0, 7, 6, 0, 1, 1, 8",5475," 7, 0, 7, 4, 6, 1"
725,5804," 5, 4, 7, 6, 1, 0",4844," 1, 0, 8, 5, 0, 1, 3, 2",5473," 3, 0, 7, 4, 6, 1"
726,5805," 6, 4, 7, 6, 1, 0",3519," 1, 0, 2, 4, 0, 1, 7, 6",5476," 1, 0, 7, 4, 6, 1"
727,5806," 7, 4, 7, 6, 1, 0",6112," 1, 0, 4, 7, 0, 1, 6, 1",5474," 6, 0, 7, 4, 6, 1"
728,5807," 8, 4, 7, 6, 1, 0",2950," 1, 0, 5, 3, 0, 1, 2, 4",5478," 5, 0, 7, 4, 6, 1"
729,5853," 0, 1, 8, 6, 1, 0",635," 1, 6, 0, 0, 0, 0, 1, 8",4752," 0, 0, 8, 4, 5, 1"
730,5854," 1, 1, 8, 6, 1, 0",1984," 1, 0, 3, 2, 0, 1, 1, 8",4755," 8, 0, 8, 4, 5, 1"
731,5855," 2, 1, 8, 6, 1, 0",1403," 1, 0, 6, 1, 0, 1, 2, 4",4758," 4, 0, 8, 4, 5, 1"
732,5856," 3, 1, 8, 6, 1, 0",6710," 1, 0, 1, 8, 0, 1, 4, 7",4759," 2, 0, 8, 4, 5, 1"
733,5857," 4, 1, 8, 6, 1, 0",5572," 1, 0, 7, 6, 0, 1, 3, 2",4753," 7, 0, 8, 4, 5, 1"
734,5858," 5, 1, 8, 6, 1, 0",4884," 1, 0, 8, 5, 0, 1, 7, 6",4756," 3, 0, 8, 4, 5, 1"
735,5859," 6, 1, 8, 6, 1, 0",3511," 1, 0, 2, 4, 0, 1, 8, 5",4757," 1, 0, 8, 4, 5, 1"
736,5860," 7, 1, 8, 6, 1, 0",6129," 1, 0, 4, 7, 0, 1, 5, 3",4760," 6, 0, 8, 4, 5, 1"
737,5861," 8, 1, 8, 6, 1, 0",2927," 1, 0, 5, 3, 0, 1, 6, 1",4754," 5, 0, 8, 4, 5, 1"
738,5925," 0, 0, 0, 7, 1, 0",7376," 0, 1, 0, 0, 0, 0, 1, 5",1156," 0, 0, 0, 7, 0, 1"
739,5926," 1, 0, 0, 7, 1, 0",2093," 1, 0, 5, 2, 0, 1, 0, 0",1161," 5, 0, 0, 7, 0, 1"
740,5927," 2, 0, 0, 7, 1, 0",1456," 1, 0, 7, 1, 0, 1, 0, 0",1163," 7, 0, 0, 7, 0, 1"
741,5928," 3, 0, 0, 7, 1, 0",7098," 1, 0, 6, 8, 0, 1, 0, 0",1160," 4, 0, 0, 7, 0, 1"
742,5929," 4, 0, 0, 7, 1, 0",5278," 1, 0, 4, 6, 0, 1, 0, 0",1162," 6, 0, 0, 7, 0, 1"
743,5930," 5, 0, 0, 7, 1, 0",4186," 1, 0, 1, 5, 0, 1, 0, 0",1158," 2, 0, 0, 7, 0, 1"
744,5931," 6, 0, 0, 7, 1, 0",3549," 1, 0, 3, 4, 0, 1, 0, 0",1164," 8, 0, 0, 7, 0, 1"
745,5932," 7, 0, 0, 7, 1, 0",5915," 1, 0, 2, 7, 0, 1, 0, 0",1157," 1, 0, 0, 7, 0, 1"
746,5933," 8, 0, 0, 7, 1, 0",3185," 1, 0, 8, 3, 0, 1, 0, 0",1159," 3, 0, 0, 7, 0, 1"
747,6069," 0, 7, 1, 7, 1, 0",177," 1, 1, 0, 0, 0, 0, 1, 5",4786," 0, 0, 1, 7, 5, 1"
748,6070," 1, 7, 1, 7, 1, 0",2109," 1, 0, 5, 2, 0, 1, 7, 1",4788," 5, 0, 1, 7, 5, 1"
749,6071," 2, 7, 1, 7, 1, 0",1479," 1, 0, 7, 1, 0, 1, 5, 2",4787," 7, 0, 1, 7, 5, 1"
750,6072," 3, 7, 1, 7, 1, 0",7137," 1, 0, 6, 8, 0, 1, 3, 4",4792," 4, 0, 1, 7, 5, 1"
751,6073," 4, 7, 1, 7, 1, 0",5313," 1, 0, 4, 6, 0, 1, 8, 3",4794," 6, 0, 1, 7, 5, 1"
752,6074," 5, 7, 1, 7, 1, 0",4251," 1, 0, 1, 5, 0, 1, 2, 7",4793," 2, 0, 1, 7, 5, 1"
753,6075," 6, 7, 1, 7, 1, 0",3627," 1, 0, 3, 4, 0, 1, 6, 8",4789," 8, 0, 1, 7, 5, 1"
754,6076," 7, 7, 1, 7, 1, 0",5961," 1, 0, 2, 7, 0, 1, 1, 5",4791," 1, 0, 1, 7, 5, 1"
755,6077," 8, 7, 1, 7, 1, 0",3243," 1, 0, 8, 3, 0, 1, 4, 6",4790," 3, 0, 1, 7, 5, 1"
756,6132," 0, 5, 2, 7, 1, 0",268," 1, 2, 0, 0, 0, 0, 1, 5",6226," 0, 0, 2, 7, 7, 1"
757,6133," 1, 5, 2, 7, 1, 0",2116," 1, 0, 5, 2, 0, 1, 5, 2",6227," 5, 0, 2, 7, 7, 1"
758,6134," 2, 5, 2, 7, 1, 0",1472," 1, 0, 7, 1, 0, 1, 7, 1",6228," 7, 0, 2, 7, 7, 1"
759,6135," 3, 5, 2, 7, 1, 0",7176," 1, 0, 6, 8, 0, 1, 6, 8",6229," 4, 0, 2, 7, 7, 1"
760,6136," 4, 5, 2, 7, 1, 0",5336," 1, 0, 4, 6, 0, 1, 4, 6",6230," 6, 0, 2, 7, 7, 1"
761,6137," 5, 5, 2, 7, 1, 0",4232," 1, 0, 1, 5, 0, 1, 1, 5",6231," 2, 0, 2, 7, 7, 1"
762,6138," 6, 5, 2, 7, 1, 0",3588," 1, 0, 3, 4, 0, 1, 3, 4",6232," 8, 0, 2, 7, 7, 1"
763,6139," 7, 5, 2, 7, 1, 0",5980," 1, 0, 2, 7, 0, 1, 2, 7",6233," 1, 0, 2, 7, 7, 1"
764,6140," 8, 5, 2, 7, 1, 0",3220," 1, 0, 8, 3, 0, 1, 8, 3",6234," 3, 0, 2, 7, 7, 1"
765,6240," 0, 8, 3, 7, 1, 0",450," 1, 4, 0, 0, 0, 0, 1, 5",4066," 0, 0, 3, 7, 4, 1"
766,6241," 1, 8, 3, 7, 1, 0",2128," 1, 0, 5, 2, 0, 1, 8, 3",4074," 5, 0, 3, 7, 4, 1"
767,6242," 2, 8, 3, 7, 1, 0",1514," 1, 0, 7, 1, 0, 1, 4, 6",4070," 7, 0, 3, 7, 4, 1"
768,6243," 3, 8, 3, 7, 1, 0",7114," 1, 0, 6, 8, 0, 1, 7, 1",4068," 4, 0, 3, 7, 4, 1"
769,6244," 4, 8, 3, 7, 1, 0",5343," 1, 0, 4, 6, 0, 1, 2, 7",4073," 6, 0, 3, 7, 4, 1"
770,6245," 5, 8, 3, 7, 1, 0",4264," 1, 0, 1, 5, 0, 1, 6, 8",4069," 2, 0, 3, 7, 4, 1"
771,6246," 6, 8, 3, 7, 1, 0",3572," 1, 0, 3, 4, 0, 1, 5, 2",4067," 8, 0, 3, 7, 4, 1"
772,6247," 7, 8, 3, 7, 1, 0",5954," 1, 0, 2, 7, 0, 1, 3, 4",4072," 1, 0, 3, 7, 4, 1"
773,6248," 8, 8, 3, 7, 1, 0",3231," 1, 0, 8, 3, 0, 1, 1, 5",4071," 3, 0, 3, 7, 4, 1"
774,6276," 0, 3, 4, 7, 1, 0",359," 1, 3, 0, 0, 0, 0, 1, 5",5506," 0, 0, 4, 7, 6, 1"
775,6277," 1, 3, 4, 7, 1, 0",2132," 1, 0, 5, 2, 0, 1, 3, 4",5512," 5, 0, 4, 7, 6, 1"
776,6278," 2, 3, 4, 7, 1, 0",1534," 1, 0, 7, 1, 0, 1, 6, 8",5509," 7, 0, 4, 7, 6, 1"
777,6279," 3, 3, 4, 7, 1, 0",7144," 1, 0, 6, 8, 0, 1, 1, 5",5511," 4, 0, 4, 7, 6, 1"
778,6280," 4, 3, 4, 7, 1, 0",5294," 1, 0, 4, 6, 0, 1, 7, 1",5508," 6, 0, 4, 7, 6, 1"
779,6281," 5, 3, 4, 7, 1, 0",4221," 1, 0, 1, 5, 0, 1, 8, 3",5514," 2, 0, 4, 7, 6, 1"
780,6282," 6, 3, 4, 7, 1, 0",3614," 1, 0, 3, 4, 0, 1, 2, 7",5513," 8, 0, 4, 7, 6, 1"
781,6283," 7, 3, 4, 7, 1, 0",5973," 1, 0, 2, 7, 0, 1, 4, 6",5510," 1, 0, 4, 7, 6, 1"
782,6284," 8, 3, 4, 7, 1, 0",3208," 1, 0, 8, 3, 0, 1, 5, 2",5507," 3, 0, 4, 7, 6, 1"
783,6339," 0, 1, 5, 7, 1, 0",723," 1, 7, 0, 0, 0, 0, 1, 5",2626," 0, 0, 5, 7, 2, 1"
784,6340," 1, 1, 5, 7, 1, 0",2139," 1, 0, 5, 2, 0, 1, 1, 5",2631," 5, 0, 5, 7, 2, 1"
785,6341," 2, 1, 5, 7, 1, 0",1521," 1, 0, 7, 1, 0, 1, 2, 7",2633," 7, 0, 5, 7, 2, 1"
786,6342," 3, 1, 5, 7, 1, 0",7156," 1, 0, 6, 8, 0, 1, 4, 6",2630," 4, 0, 5, 7, 2, 1"
787,6343," 4, 1, 5, 7, 1, 0",5317," 1, 0, 4, 6, 0, 1, 3, 4",2632," 6, 0, 5, 7, 2, 1"
788,6344," 5, 1, 5, 7, 1, 0",4202," 1, 0, 1, 5, 0, 1, 7, 1",2628," 2, 0, 5, 7, 2, 1"
789,6345," 6, 1, 5, 7, 1, 0",3584," 1, 0, 3, 4, 0, 1, 8, 3",2634," 8, 0, 5, 7, 2, 1"
790,6346," 7, 1, 5, 7, 1, 0",5938," 1, 0, 2, 7, 0, 1, 5, 2",2627," 1, 0, 5, 7, 2, 1"
791,6347," 8, 1, 5, 7, 1, 0",3263," 1, 0, 8, 3, 0, 1, 6, 8",2629," 3, 0, 5, 7, 2, 1"
792,6447," 0, 4, 6, 7, 1, 0",814," 1, 8, 0, 0, 0, 0, 1, 5",6946," 0, 0, 6, 7, 8, 1"
793,6448," 1, 4, 6, 7, 1, 0",2151," 1, 0, 5, 2, 0, 1, 4, 6",6950," 5, 0, 6, 7, 8, 1"
794,6449," 2, 4, 6, 7, 1, 0",1491," 1, 0, 7, 1, 0, 1, 8, 3",6954," 7, 0, 6, 7, 8, 1"
795,6450," 3, 4, 6, 7, 1, 0",7121," 1, 0, 6, 8, 0, 1, 5, 2",6947," 4, 0, 6, 7, 8, 1"
796,6451," 4, 4, 6, 7, 1, 0",5324," 1, 0, 4, 6, 0, 1, 1, 5",6951," 6, 0, 6, 7, 8, 1"
797,6452," 5, 4, 6, 7, 1, 0",4225," 1, 0, 1, 5, 0, 1, 3, 4",6952," 2, 0, 6, 7, 8, 1"
798,6453," 6, 4, 6, 7, 1, 0",3565," 1, 0, 3, 4, 0, 1, 7, 1",6948," 8, 0, 6, 7, 8, 1"
799,6454," 7, 4, 6, 7, 1, 0",5993," 1, 0, 2, 7, 0, 1, 6, 8",6949," 1, 0, 6, 7, 8, 1"
800,6455," 8, 4, 6, 7, 1, 0",3250," 1, 0, 8, 3, 0, 1, 2, 7",6953," 3, 0, 6, 7, 8, 1"
801,6510," 0, 2, 7, 7, 1, 0",541," 1, 5, 0, 0, 0, 0, 1, 5",1906," 0, 0, 7, 7, 1, 1"
802,6511," 1, 2, 7, 7, 1, 0",2158," 1, 0, 5, 2, 0, 1, 2, 7",1913," 5, 0, 7, 7, 1, 1"
803,6512," 2, 2, 7, 7, 1, 0",1502," 1, 0, 7, 1, 0, 1, 1, 5",1911," 7, 0, 7, 7, 1, 1"
804,6513," 3, 2, 7, 7, 1, 0",7133," 1, 0, 6, 8, 0, 1, 8, 3",1914," 4, 0, 7, 7, 1, 1"
805,6514," 4, 2, 7, 7, 1, 0",5356," 1, 0, 4, 6, 0, 1, 6, 8",1909," 6, 0, 7, 7, 1, 1"
806,6515," 5, 2, 7, 7, 1, 0",4209," 1, 0, 1, 5, 0, 1, 5, 2",1907," 2, 0, 7, 7, 1, 1"
807,6516," 6, 2, 7, 7, 1, 0",3607," 1, 0, 3, 4, 0, 1, 4, 6",1910," 8, 0, 7, 7, 1, 1"
808,6517," 7, 2, 7, 7, 1, 0",5931," 1, 0, 2, 7, 0, 1, 7, 1",1908," 1, 0, 7, 7, 1, 1"
809,6518," 8, 2, 7, 7, 1, 0",3224," 1, 0, 8, 3, 0, 1, 3, 4",1912," 3, 0, 7, 7, 1, 1"
810,6627," 0, 6, 8, 7, 1, 0",632," 1, 6, 0, 0, 0, 0, 1, 5",3346," 0, 0, 8, 7, 3, 1"
811,6628," 1, 6, 8, 7, 1, 0",2171," 1, 0, 5, 2, 0, 1, 6, 8",3349," 5, 0, 8, 7, 3, 1"
812,6629," 2, 6, 8, 7, 1, 0",1495," 1, 0, 7, 1, 0, 1, 3, 4",3352," 7, 0, 8, 7, 3, 1"
813,6630," 3, 6, 8, 7, 1, 0",7163," 1, 0, 6, 8, 0, 1, 2, 7",3353," 4, 0, 8, 7, 3, 1"
814,6631," 4, 6, 8, 7, 1, 0",5301," 1, 0, 4, 6, 0, 1, 5, 2",3347," 6, 0, 8, 7, 3, 1"
815,6632," 5, 6, 8, 7, 1, 0",4244," 1, 0, 1, 5, 0, 1, 4, 6",3350," 2, 0, 8, 7, 3, 1"
816,6633," 6, 6, 8, 7, 1, 0",3595," 1, 0, 3, 4, 0, 1, 1, 5",3351," 8, 0, 8, 7, 3, 1"
817,6634," 7, 6, 8, 7, 1, 0",5950," 1, 0, 2, 7, 0, 1, 8, 3",3354," 1, 0, 8, 7, 3, 1"
818,6635," 8, 6, 8, 7, 1, 0",3201," 1, 0, 8, 3, 0, 1, 7, 1",3348," 3, 0, 8, 7, 3, 1"
819,6654," 0, 0, 0, 8, 1, 0",7377," 0, 1, 0, 0, 0, 0, 1, 6",1088," 0, 0, 0, 3, 0, 1"
820,6655," 1, 0, 0, 8, 1, 0",2002," 1, 0, 4, 2, 0, 1, 0, 0",1094," 6, 0, 0, 3, 0, 1"
821,6656," 2, 0, 0, 8, 1, 0",1547," 1, 0, 8, 1, 0, 1, 0, 0",1091," 3, 0, 0, 3, 0, 1"
822,6657," 3, 0, 0, 8, 1, 0",7007," 1, 0, 5, 8, 0, 1, 0, 0",1093," 5, 0, 0, 3, 0, 1"
823,6658," 4, 0, 0, 8, 1, 0",5005," 1, 0, 1, 6, 0, 1, 0, 0",1090," 2, 0, 0, 3, 0, 1"
824,6659," 5, 0, 0, 8, 1, 0",4368," 1, 0, 3, 5, 0, 1, 0, 0",1096," 8, 0, 0, 3, 0, 1"
825,6660," 6, 0, 0, 8, 1, 0",3913," 1, 0, 7, 4, 0, 1, 0, 0",1095," 7, 0, 0, 3, 0, 1"
826,6661," 7, 0, 0, 8, 1, 0",6279," 1, 0, 6, 7, 0, 1, 0, 0",1092," 4, 0, 0, 3, 0, 1"
827,6662," 8, 0, 0, 8, 1, 0",2639," 1, 0, 2, 3, 0, 1, 0, 0",1089," 1, 0, 0, 3, 0, 1"
828,6807," 0, 8, 1, 8, 1, 0",178," 1, 1, 0, 0, 0, 0, 1, 6",5489," 0, 0, 1, 3, 6, 1"
829,6808," 1, 8, 1, 8, 1, 0",2019," 1, 0, 4, 2, 0, 1, 8, 1",5491," 6, 0, 1, 3, 6, 1"
830,6809," 2, 8, 1, 8, 1, 0",1569," 1, 0, 8, 1, 0, 1, 4, 2",5490," 3, 0, 1, 3, 6, 1"
831,6810," 3, 8, 1, 8, 1, 0",7050," 1, 0, 5, 8, 0, 1, 7, 4",5495," 5, 0, 1, 3, 6, 1"
832,6811," 4, 8, 1, 8, 1, 0",5034," 1, 0, 1, 6, 0, 1, 2, 3",5497," 2, 0, 1, 3, 6, 1"
833,6812," 5, 8, 1, 8, 1, 0",4437," 1, 0, 3, 5, 0, 1, 6, 7",5496," 8, 0, 1, 3, 6, 1"
834,6813," 6, 8, 1, 8, 1, 0",3990," 1, 0, 7, 4, 0, 1, 5, 8",5492," 7, 0, 1, 3, 6, 1"
835,6814," 7, 8, 1, 8, 1, 0",6327," 1, 0, 6, 7, 0, 1, 3, 5",5494," 4, 0, 1, 3, 6, 1"
836,6815," 8, 8, 1, 8, 1, 0",2694," 1, 0, 2, 3, 0, 1, 1, 6",5493," 1, 0, 1, 3, 6, 1"
837,6852," 0, 4, 2, 8, 1, 0",269," 1, 2, 0, 0, 0, 0, 1, 6",3329," 0, 0, 2, 3, 3, 1"
838,6853," 1, 4, 2, 8, 1, 0",2024," 1, 0, 4, 2, 0, 1, 4, 2",3330," 6, 0, 2, 3, 3, 1"
839,6854," 2, 4, 2, 8, 1, 0",1564," 1, 0, 8, 1, 0, 1, 8, 1",3331," 3, 0, 2, 3, 3, 1"
840,6855," 3, 4, 2, 8, 1, 0",7084," 1, 0, 5, 8, 0, 1, 5, 8",3332," 5, 0, 2, 3, 3, 1"
841,6856," 4, 4, 2, 8, 1, 0",5060," 1, 0, 1, 6, 0, 1, 1, 6",3333," 2, 0, 2, 3, 3, 1"
842,6857," 5, 4, 2, 8, 1, 0",4416," 1, 0, 3, 5, 0, 1, 3, 5",3334," 8, 0, 2, 3, 3, 1"
843,6858," 6, 4, 2, 8, 1, 0",3956," 1, 0, 7, 4, 0, 1, 7, 4",3335," 7, 0, 2, 3, 3, 1"
844,6859," 7, 4, 2, 8, 1, 0",6348," 1, 0, 6, 7, 0, 1, 6, 7",3336," 4, 0, 2, 3, 3, 1"
845,6860," 8, 4, 2, 8, 1, 0",2668," 1, 0, 2, 3, 0, 1, 2, 3",3337," 1, 0, 2, 3, 3, 1"
846,6915," 0, 2, 3, 8, 1, 0",451," 1, 4, 0, 0, 0, 0, 1, 6",4769," 0, 0, 3, 3, 5, 1"
847,6916," 1, 2, 3, 8, 1, 0",2031," 1, 0, 4, 2, 0, 1, 2, 3",4777," 6, 0, 3, 3, 5, 1"
848,6917," 2, 2, 3, 8, 1, 0",1602," 1, 0, 8, 1, 0, 1, 1, 6",4773," 3, 0, 3, 3, 5, 1"
849,6918," 3, 2, 3, 8, 1, 0",7024," 1, 0, 5, 8, 0, 1, 8, 1",4771," 5, 0, 3, 3, 5, 1"
850,6919," 4, 2, 3, 8, 1, 0",5074," 1, 0, 1, 6, 0, 1, 6, 7",4776," 2, 0, 3, 3, 5, 1"
851,6920," 5, 2, 3, 8, 1, 0",4445," 1, 0, 3, 5, 0, 1, 5, 8",4772," 8, 0, 3, 3, 5, 1"
852,6921," 6, 2, 3, 8, 1, 0",3935," 1, 0, 7, 4, 0, 1, 4, 2",4770," 7, 0, 3, 3, 5, 1"
853,6922," 7, 2, 3, 8, 1, 0",6322," 1, 0, 6, 7, 0, 1, 7, 4",4775," 4, 0, 3, 3, 5, 1"
854,6923," 8, 2, 3, 8, 1, 0",2687," 1, 0, 2, 3, 0, 1, 3, 5",4774," 1, 0, 3, 3, 5, 1"
855,7041," 0, 7, 4, 8, 1, 0",360," 1, 3, 0, 0, 0, 0, 1, 6",2609," 0, 0, 4, 3, 2, 1"
856,7042," 1, 7, 4, 8, 1, 0",2045," 1, 0, 4, 2, 0, 1, 7, 4",2615," 6, 0, 4, 3, 2, 1"
857,7043," 2, 7, 4, 8, 1, 0",1624," 1, 0, 8, 1, 0, 1, 5, 8",2612," 3, 0, 4, 3, 2, 1"
858,7044," 3, 7, 4, 8, 1, 0",7055," 1, 0, 5, 8, 0, 1, 3, 5",2614," 5, 0, 4, 3, 2, 1"
859,7045," 4, 7, 4, 8, 1, 0",5022," 1, 0, 1, 6, 0, 1, 8, 1",2611," 2, 0, 4, 3, 2, 1"
860,7046," 5, 7, 4, 8, 1, 0",4397," 1, 0, 3, 5, 0, 1, 2, 3",2617," 8, 0, 4, 3, 2, 1"
861,7047," 6, 7, 4, 8, 1, 0",3982," 1, 0, 7, 4, 0, 1, 6, 7",2616," 7, 0, 4, 3, 2, 1"
862,7048," 7, 7, 4, 8, 1, 0",6334," 1, 0, 6, 7, 0, 1, 1, 6",2613," 4, 0, 4, 3, 2, 1"
863,7049," 8, 7, 4, 8, 1, 0",2661," 1, 0, 2, 3, 0, 1, 4, 2",2610," 1, 0, 4, 3, 2, 1"
864,7086," 0, 3, 5, 8, 1, 0",724," 1, 7, 0, 0, 0, 0, 1, 6",6929," 0, 0, 5, 3, 8, 1"
865,7087," 1, 3, 5, 8, 1, 0",2050," 1, 0, 4, 2, 0, 1, 3, 5",6934," 6, 0, 5, 3, 8, 1"
866,7088," 2, 3, 5, 8, 1, 0",1616," 1, 0, 8, 1, 0, 1, 6, 7",6936," 3, 0, 5, 3, 8, 1"
867,7089," 3, 3, 5, 8, 1, 0",7062," 1, 0, 5, 8, 0, 1, 1, 6",6933," 5, 0, 5, 3, 8, 1"
868,7090," 4, 3, 5, 8, 1, 0",5048," 1, 0, 1, 6, 0, 1, 7, 4",6935," 2, 0, 5, 3, 8, 1"
869,7091," 5, 3, 5, 8, 1, 0",4385," 1, 0, 3, 5, 0, 1, 8, 1",6931," 8, 0, 5, 3, 8, 1"
870,7092," 6, 3, 5, 8, 1, 0",3942," 1, 0, 7, 4, 0, 1, 2, 3",6937," 7, 0, 5, 3, 8, 1"
871,7093," 7, 3, 5, 8, 1, 0",6301," 1, 0, 6, 7, 0, 1, 4, 2",6930," 4, 0, 5, 3, 8, 1"
872,7094," 8, 3, 5, 8, 1, 0",2716," 1, 0, 2, 3, 0, 1, 5, 8",6932," 1, 0, 5, 3, 8, 1"
873,7149," 0, 1, 6, 8, 1, 0",815," 1, 8, 0, 0, 0, 0, 1, 6",6209," 0, 0, 6, 3, 7, 1"
874,7150," 1, 1, 6, 8, 1, 0",2057," 1, 0, 4, 2, 0, 1, 1, 6",6213," 6, 0, 6, 3, 7, 1"
875,7151," 2, 1, 6, 8, 1, 0",1576," 1, 0, 8, 1, 0, 1, 2, 3",6217," 3, 0, 6, 3, 7, 1"
876,7152," 3, 1, 6, 8, 1, 0",7029," 1, 0, 5, 8, 0, 1, 4, 2",6210," 5, 0, 6, 3, 7, 1"
877,7153," 4, 1, 6, 8, 1, 0",5053," 1, 0, 1, 6, 0, 1, 3, 5",6214," 2, 0, 6, 3, 7, 1"
878,7154," 5, 1, 6, 8, 1, 0",4411," 1, 0, 3, 5, 0, 1, 7, 4",6215," 8, 0, 6, 3, 7, 1"
879,7155," 6, 1, 6, 8, 1, 0",3930," 1, 0, 7, 4, 0, 1, 8, 1",6211," 7, 0, 6, 3, 7, 1"
880,7156," 7, 1, 6, 8, 1, 0",6356," 1, 0, 6, 7, 0, 1, 5, 8",6212," 4, 0, 6, 3, 7, 1"
881,7157," 8, 1, 6, 8, 1, 0",2708," 1, 0, 2, 3, 0, 1, 6, 7",6216," 1, 0, 6, 3, 7, 1"
882,7275," 0, 6, 7, 8, 1, 0",542," 1, 5, 0, 0, 0, 0, 1, 6",4049," 0, 0, 7, 3, 4, 1"
883,7276," 1, 6, 7, 8, 1, 0",2071," 1, 0, 4, 2, 0, 1, 6, 7",4056," 6, 0, 7, 3, 4, 1"
884,7277," 2, 6, 7, 8, 1, 0",1595," 1, 0, 8, 1, 0, 1, 3, 5",4054," 3, 0, 7, 3, 4, 1"
885,7278," 3, 6, 7, 8, 1, 0",7036," 1, 0, 5, 8, 0, 1, 2, 3",4057," 5, 0, 7, 3, 4, 1"
886,7279," 4, 6, 7, 8, 1, 0",5082," 1, 0, 1, 6, 0, 1, 5, 8",4052," 2, 0, 7, 3, 4, 1"
887,7280," 5, 6, 7, 8, 1, 0",4390," 1, 0, 3, 5, 0, 1, 4, 2",4050," 8, 0, 7, 3, 4, 1"
888,7281," 6, 6, 7, 8, 1, 0",3968," 1, 0, 7, 4, 0, 1, 1, 6",4053," 7, 0, 7, 3, 4, 1"
889,7282," 7, 6, 7, 8, 1, 0",6296," 1, 0, 6, 7, 0, 1, 8, 1",4051," 4, 0, 7, 3, 4, 1"
890,7283," 8, 6, 7, 8, 1, 0",2682," 1, 0, 2, 3, 0, 1, 7, 4",4055," 1, 0, 7, 3, 4, 1"
891,7347," 0, 5, 8, 8, 1, 0",633," 1, 6, 0, 0, 0, 0, 1, 6",1889," 0, 0, 8, 3, 1, 1"
892,7348," 1, 5, 8, 8, 1, 0",2079," 1, 0, 4, 2, 0, 1, 5, 8",1892," 6, 0, 8, 3, 1, 1"
893,7349," 2, 5, 8, 8, 1, 0",1590," 1, 0, 8, 1, 0, 1, 7, 4",1895," 3, 0, 8, 3, 1, 1"
894,7350," 3, 5, 8, 8, 1, 0",7076," 1, 0, 5, 8, 0, 1, 6, 7",1896," 5, 0, 8, 3, 1, 1"
895,7351," 4, 5, 8, 8, 1, 0",5027," 1, 0, 1, 6, 0, 1, 4, 2",1890," 2, 0, 8, 3, 1, 1"
896,7352," 5, 5, 8, 8, 1, 0",4423," 1, 0, 3, 5, 0, 1, 1, 6",1893," 8, 0, 8, 3, 1, 1"
897,7353," 6, 5, 8, 8, 1, 0",3961," 1, 0, 7, 4, 0, 1, 3, 5",1894," 7, 0, 8, 3, 1, 1"
898,7354," 7, 5, 8, 8, 1, 0",6308," 1, 0, 6, 7, 0, 1, 2, 3",1897," 4, 0, 8, 3, 1, 1"
899,7355," 8, 5, 8, 8, 1, 0",2656," 1, 0, 2, 3, 0, 1, 8, 1",1891," 1, 0, 8, 3, 1, 1"
END
